raw_scan,upscale,ry,rx,nb,chunk_size,n_chunks,variant,time_min_ms,time_mean_ms,time_std_ms,speedup_vs_baseline,transient_mib,transient_ratio_vs_baseline,resident_mib,peak_total_mib,rel_err_vs_baseline,grad_rel_err_vs_baseline,dispatch_ms,dispatch_fraction,data_pass_gib,effective_gib_s,passes_over_data,device_name,torch_version
128,1,128,128,797,16,50,baseline,3.5044990363530815,3.7177537567913532,0.12342844086608777,1.0,7.064453125,1.0,99.625,106.689453125,0.0,0.0,3.5857819602824748,1.0148793693636613,0.0972900390625,27.76146834491466,16.19937863718353,NVIDIA RTX 5000 Ada Generation,2.7.1+cu126
128,1,128,128,797,16,50,fourier,2.8070079861208797,2.885893249185756,0.08864950838173251,1.2484820327127368,7.12646484375,0.9912983898595409,99.625,106.75146484375,5.34394416717987e-07,0.0,2.7966429479420185,1.0151117315774107,0.0972900390625,34.65969443034935,12.975259725592576,NVIDIA RTX 5000 Ada Generation,2.7.1+cu126
128,1,128,128,797,16,50,fourier_separable,3.121007001027465,3.413505246862769,0.20999888183393972,1.1228744553278374,4.15771484375,1.6991192014092777,99.625,103.78271484375,5.34394416717987e-07,2.233485503211341e-07,3.2966869766823947,1.0555566106361705,0.0972900390625,31.172643646897043,14.42670510520601,NVIDIA RTX 5000 Ada Generation,2.7.1+cu126
128,1,128,128,797,16,50,current,3.5480710212141275,3.8006688439054415,0.17904366444794467,0.9877195285549453,2.28271484375,3.09475935828877,99.625,101.90771484375,5.34394416717987e-07,1.1167427516056705e-07,3.538779972586781,0.9368660227977527,0.0972900390625,27.420544425632144,16.40078804646453,NVIDIA RTX 5000 Ada Generation,2.7.1+cu126
128,1,128,128,797,32,25,baseline,1.791211951058358,1.883437149808742,0.045863562520258375,1.0,14.064453125,1.0,99.625,113.689453125,0.0,0.0,1.7835150356404483,0.9946345566532477,0.0972900390625,54.31520206473336,8.279791295031519,NVIDIA RTX 5000 Ada Generation,2.7.1+cu126
128,1,128,128,797,32,25,fourier,1.4417190104722977,1.5053443057695404,0.04568343048476032,1.2424140474304828,14.12646484375,0.9956102450658463,99.625,113.75146484375,4.5805253989783523e-07,0.0,1.4249979867599905,1.0145215705316109,0.0972900390625,67.4819700342499,6.664276947089815,NVIDIA RTX 5000 Ada Generation,2.7.1+cu126
128,1,128,128,797,32,25,fourier_separable,1.5709769795648754,1.657429346232675,0.047196092398730384,1.1401898145919889,8.18896484375,1.717488521853199,99.625,107.81396484375,4.5805253989783523e-07,2.791856559269945e-07,1.602866977918893,0.9884216270907414,0.0972900390625,61.929640171714745,7.261765706962047,NVIDIA RTX 5000 Ada Generation,2.7.1+cu126
128,1,128,128,797,32,25,current,1.8517409916967154,1.891738097765483,0.05163629407825409,0.9673123612266661,4.31396484375,3.260215053763441,99.625,103.93896484375,4.5805253989783523e-07,2.2334852189942467e-07,1.8445610185153782,1.0042296758578426,0.0972900390625,52.53976635974072,8.559583880983148,NVIDIA RTX 5000 Ada Generation,2.7.1+cu126
128,1,128,128,797,64,13,baseline,0.96518499776721,0.9911832050420344,0.02669731500314482,1.0,28.064453125,1.0,99.625,127.689453125,0.0,0.0,0.9869050118140876,1.01480924046328,0.0972900390625,100.79936933081619,4.461521339161496,NVIDIA RTX 5000 Ada Generation,2.7.1+cu126
128,1,128,128,797,64,13,fourier,0.7500220090150833,0.7942409545648843,0.025686640476830534,1.286875566537941,28.12646484375,0.9977952537194243,99.625,127.75146484375,4.5805253989783523e-07,0.0,0.7425909861922264,0.9976877628168769,0.0972900390625,129.71624551426123,3.466940747942126,NVIDIA RTX 5000 Ada Generation,2.7.1+cu126
128,1,128,128,797,64,13,fourier_separable,0.8367149857804179,0.8764589496422559,0.028345788198569793,1.1535409478377705,16.25146484375,1.7268876002764173,99.625,115.87646484375,4.5805253989783523e-07,2.2334852189942467e-07,0.8438139921054244,0.9994764278063304,0.0972900390625,116.2762000393192,3.8676748732017674,NVIDIA RTX 5000 Ada Generation,2.7.1+cu126
128,1,128,128,797,64,13,current,0.9682500385679305,1.0182221507420763,0.035796955607777764,0.9968344532108114,8.37646484375,3.3503934712911687,99.625,108.00146484375,5.343946440916625e-07,1.1167426094971233e-07,0.9708709549158812,1.0183900101598218,0.0972900390625,100.48028421087879,4.475689343191241,NVIDIA RTX 5000 Ada Generation,2.7.1+cu126
128,1,128,128,797,128,7,baseline,1.070181024260819,1.078926952322945,0.007662615572428218,1.0,56.06494140625,1.0,99.625,155.68994140625,0.0,0.0,0.557159015443176,0.5998787823485742,0.0972900390625,90.90988987559265,4.9468604335445026,NVIDIA RTX 5000 Ada Generation,2.7.1+cu126
128,1,128,128,797,128,7,fourier,0.6598859908990562,0.6665268010692671,0.00550758106712814,1.6217665460707231,56.12646484375,0.9989038426405212,99.625,155.75146484375,4.5805253989783523e-07,0.0,0.44805603101849556,0.6788059432989736,0.0972900390625,147.4346181072097,3.050291329248308,NVIDIA RTX 5000 Ada Generation,2.7.1+cu126
128,1,128,128,797,128,7,fourier_separable,0.5935889785178006,0.5976228916551918,0.006450281946959716,1.802899081672768,32.37646484375,1.7316572910854058,99.625,132.00146484375,4.5805253989783523e-07,2.2334856453198881e-07,0.5003969999961555,0.8489003233062415,0.0972900390625,163.90135697167844,2.743836570682981,NVIDIA RTX 5000 Ada Generation,2.7.1+cu126
128,1,128,128,797,128,7,current,0.5458039813674986,0.5724344577174634,0.015385198618520593,1.9607424291400484,16.50146484375,3.397573605562953,99.625,116.12646484375,4.5805253989783523e-07,2.2334856453198881e-07,0.5480870022438467,0.9640966502473041,0.0972900390625,178.25087830752383,2.5229527142502444,NVIDIA RTX 5000 Ada Generation,2.7.1+cu126
128,1,128,128,797,256,4,baseline,1.344675023574382,1.353265406214632,0.005503736744223064,1.0,112.06689453125,1.0,99.625,211.69189453125,0.0,0.0,0.3209669957868755,0.23602753072607333,0.0972900390625,72.35208311067309,6.2156957741706895,NVIDIA RTX 5000 Ada Generation,2.7.1+cu126
128,1,128,128,797,256,4,fourier,1.0230769985355437,1.0291126411175355,0.0054167347052495474,1.3143439110635673,112.12744140625,0.9994600173317018,99.625,211.75244140625,4.5805253989783523e-07,0.0,0.2595490077510476,0.2598329989723265,0.0972900390625,95.09551988927836,4.729124334848515,NVIDIA RTX 5000 Ada Generation,2.7.1+cu126
128,1,128,128,797,256,4,fourier_separable,0.77395502012223,0.7789529947331175,0.00621710860014623,1.7374071988860782,64.62744140625,1.734045044840847,99.625,164.25244140625,4.5805253989783523e-07,5.5837137580283525e-08,0.285772024653852,0.3688028195782141,0.0972900390625,125.70503005088729,3.5775699433937085,NVIDIA RTX 5000 Ada Generation,2.7.1+cu126
128,1,128,128,797,256,4,current,0.4674409865401685,0.4751798522192985,0.0060325974725931805,2.876673339082195,32.75244140625,3.4216348375747274,99.625,132.37744140625,4.5805253989783523e-07,2.233485503211341e-07,0.3461070009507239,0.7385522392601651,0.0972900390625,208.13330851153248,2.160723530796796,NVIDIA RTX 5000 Ada Generation,2.7.1+cu126
128,1,128,128,797,797,1,baseline,2.604234963655472,2.6181521854596213,0.011543272856735402,1.0,350.076171875,1.0,99.625,449.701171875,0.0,0.0,0.09346497245132923,0.03585293178807107,0.0972900390625,37.35839523709391,12.037951159018808,NVIDIA RTX 5000 Ada Generation,2.7.1+cu126
128,1,128,128,797,797,1,fourier,1.7406099941581488,1.7496788001153618,0.008586804684257428,1.4961622490941848,250.06982421875,1.3999136959794432,99.625,349.69482421875,3.053683315101807e-07,0.0,0.09571702685207129,0.05506608659736728,0.0972900390625,55.8942206404799,8.045886177322608,NVIDIA RTX 5000 Ada Generation,2.7.1+cu126
128,1,128,128,797,797,1,fourier_separable,1.1348790139891207,1.145698712207377,0.008109010278961772,2.2947247517614566,201.68896484375,1.7357229838836583,99.625,301.31396484375,3.053683315101807e-07,1.1167426094971233e-07,0.10539701906964183,0.09285909308909884,0.0972900390625,85.7272342366467,5.245923786623359,NVIDIA RTX 5000 Ada Generation,2.7.1+cu126
128,1,128,128,797,797,1,current,0.7144740084186196,0.72226005140692,0.008250683272750695,3.6449680925686194,101.81396484375,3.4383905234635397,99.625,201.43896484375,3.81710435704008e-07,1.1167426094971233e-07,0.11968100443482399,0.1669249298784327,0.0972900390625,136.17015862877477,3.3026218209047826,NVIDIA RTX 5000 Ada Generation,2.7.1+cu126
