recon_mode,cache_mode,requested_nb,actual_nb,ry,rx,max_order,status,estimated,peak_allocated_gib,peak_reserved_gib,measured_status,elapsed_s,chunk_size,npix,device_name,error
acbf,lazy,512,511,64,64,1,ok,False,0.054988861083984375,0.0859375,,0.20271317847073078,64,24,NVIDIA RTX 5000 Ada Generation,
acbf,lazy,1024,1024,64,64,1,ok,False,0.0784611701965332,0.09375,,0.20102946273982525,64,32,NVIDIA RTX 5000 Ada Generation,
acbf,lazy,2048,2047,64,64,1,ok,False,0.1563715934753418,0.171875,,0.18183111865073442,64,50,NVIDIA RTX 5000 Ada Generation,
acbf,lazy,4096,4096,64,64,1,ok,False,0.3126997947692871,0.328125,,0.5501942513510585,64,64,NVIDIA RTX 5000 Ada Generation,
acbf,lazy,512,511,128,128,1,ok,False,0.19198226928710938,0.197265625,,0.19074984081089497,64,24,NVIDIA RTX 5000 Ada Generation,
acbf,lazy,1024,1024,128,128,1,ok,False,0.3126654624938965,0.314453125,,0.3261262085288763,64,32,NVIDIA RTX 5000 Ada Generation,
acbf,lazy,2048,2047,128,128,1,ok,False,0.6252131462097168,0.626953125,,0.23421823792159557,64,50,NVIDIA RTX 5000 Ada Generation,
acbf,lazy,4096,4096,128,128,1,ok,False,1.250291347503662,1.251953125,,1.9214050583541393,64,64,NVIDIA RTX 5000 Ada Generation,
acbf,lazy,512,511,256,256,1,ok,False,0.7435579299926758,0.783203125,,0.32438696827739477,64,24,NVIDIA RTX 5000 Ada Generation,
acbf,lazy,1024,1024,256,256,1,ok,False,1.2505316734313965,1.251953125,,0.923868645913899,64,32,NVIDIA RTX 5000 Ada Generation,
acbf,lazy,2048,2047,256,256,1,ok,False,2.500579357147217,2.501953125,,0.7304684445261955,64,50,NVIDIA RTX 5000 Ada Generation,
acbf,lazy,4096,4096,256,256,1,ok,False,5.000657558441162,5.001953125,,7.463425699621439,64,64,NVIDIA RTX 5000 Ada Generation,
acbf,lazy,512,511,64,64,2,ok,False,0.0695180892944336,0.091796875,,0.15336898434907198,64,24,NVIDIA RTX 5000 Ada Generation,
acbf,lazy,1024,1024,64,64,2,ok,False,0.09299039840698242,0.119140625,,0.17749203834682703,64,32,NVIDIA RTX 5000 Ada Generation,
acbf,lazy,2048,2047,64,64,2,ok,False,0.1563735008239746,0.177734375,,0.18739142641425133,64,50,NVIDIA RTX 5000 Ada Generation,
acbf,lazy,4096,4096,64,64,2,ok,False,0.3127017021179199,0.333984375,,0.5713344877585769,64,64,NVIDIA RTX 5000 Ada Generation,
acbf,lazy,512,511,128,128,2,ok,False,0.2466726303100586,0.259765625,,0.19114224519580603,64,24,NVIDIA RTX 5000 Ada Generation,
acbf,lazy,1024,1024,128,128,2,ok,False,0.3404421806335449,0.369140625,,0.33617412205785513,64,32,NVIDIA RTX 5000 Ada Generation,
acbf,lazy,2048,2047,128,128,2,ok,False,0.6252150535583496,0.626953125,,0.24776314571499825,64,50,NVIDIA RTX 5000 Ada Generation,
acbf,lazy,4096,4096,128,128,2,ok,False,1.250293254852295,1.251953125,,1.9551048185676336,64,64,NVIDIA RTX 5000 Ada Generation,
acbf,lazy,512,511,256,256,2,ok,False,0.962310791015625,1.033203125,,0.3580141393467784,64,24,NVIDIA RTX 5000 Ada Generation,
acbf,lazy,1024,1024,256,256,2,ok,False,1.3373303413391113,1.361328125,,0.952169013209641,64,32,NVIDIA RTX 5000 Ada Generation,
acbf,lazy,2048,2047,256,256,2,ok,False,2.5005812644958496,2.501953125,,0.7960489215329289,64,50,NVIDIA RTX 5000 Ada Generation,
acbf,lazy,4096,4096,256,256,2,ok,False,5.000659465789795,5.001953125,,7.776363326236606,64,64,NVIDIA RTX 5000 Ada Generation,
acbf,lazy,512,511,64,64,3,ok,False,0.08430719375610352,0.09765625,,0.1575074838474393,64,24,NVIDIA RTX 5000 Ada Generation,
acbf,lazy,1024,1024,64,64,3,ok,False,0.10776424407958984,0.125,,0.18116601090878248,64,32,NVIDIA RTX 5000 Ada Generation,
acbf,lazy,2048,2047,64,64,3,ok,False,0.15637588500976562,0.18359375,,0.20014790911227465,64,50,NVIDIA RTX 5000 Ada Generation,
acbf,lazy,4096,4096,64,64,3,ok,False,0.31270408630371094,0.33984375,,0.5914374878630042,64,64,NVIDIA RTX 5000 Ada Generation,
acbf,lazy,512,511,128,128,3,ok,False,0.313082218170166,0.357421875,,0.1997574418783188,64,24,NVIDIA RTX 5000 Ada Generation,
acbf,lazy,1024,1024,128,128,3,ok,False,0.40685176849365234,0.455078125,,0.349152953363955,64,32,NVIDIA RTX 5000 Ada Generation,
acbf,lazy,2048,2047,128,128,3,ok,False,0.6252174377441406,0.626953125,,0.2751212250441313,64,50,NVIDIA RTX 5000 Ada Generation,
acbf,lazy,4096,4096,128,128,3,ok,False,1.250295639038086,1.251953125,,2.012623473070562,64,64,NVIDIA RTX 5000 Ada Generation,
acbf,lazy,512,511,256,256,3,ok,False,1.2279391288757324,1.376953125,,0.36531305592507124,64,24,NVIDIA RTX 5000 Ada Generation,
acbf,lazy,1024,1024,256,256,3,ok,False,1.6029586791992188,1.626953125,,0.9989517573267221,64,32,NVIDIA RTX 5000 Ada Generation,
acbf,lazy,2048,2047,256,256,3,ok,False,2.5005836486816406,2.501953125,,0.8943242700770497,64,50,NVIDIA RTX 5000 Ada Generation,
acbf,lazy,4096,4096,256,256,3,ok,False,5.000661849975586,5.001953125,,7.761347491294146,64,64,NVIDIA RTX 5000 Ada Generation,
acbf,lazy,512,511,64,64,4,ok,False,0.10382747650146484,0.12109375,,0.15912290569394827,64,24,NVIDIA RTX 5000 Ada Generation,
acbf,lazy,1024,1024,64,64,4,ok,False,0.12729978561401367,0.150390625,,0.1875085448846221,64,32,NVIDIA RTX 5000 Ada Generation,
acbf,lazy,2048,2047,64,64,4,ok,False,0.17422246932983398,0.19140625,,0.2085897270590067,64,50,NVIDIA RTX 5000 Ada Generation,
acbf,lazy,4096,4096,64,64,4,ok,False,0.31270694732666016,0.34765625,,0.6054977057501674,64,64,NVIDIA RTX 5000 Ada Generation,
acbf,lazy,512,511,128,128,4,ok,False,0.39121150970458984,0.447265625,,0.19903371296823025,64,24,NVIDIA RTX 5000 Ada Generation,
acbf,lazy,1024,1024,128,128,4,ok,False,0.48498106002807617,0.544921875,,0.3573742788285017,64,32,NVIDIA RTX 5000 Ada Generation,
acbf,lazy,2048,2047,128,128,4,ok,False,0.6725287437438965,0.697265625,,0.29511211439967155,64,50,NVIDIA RTX 5000 Ada Generation,
acbf,lazy,4096,4096,128,128,4,ok,False,1.2502985000610352,1.251953125,,2.0487974928691983,64,64,NVIDIA RTX 5000 Ada Generation,
acbf,lazy,512,511,256,256,4,ok,False,1.5404434204101562,1.783203125,,0.3903495194390416,64,24,NVIDIA RTX 5000 Ada Generation,
acbf,lazy,1024,1024,256,256,4,ok,False,1.9154629707336426,2.158203125,,1.041472869925201,64,32,NVIDIA RTX 5000 Ada Generation,
acbf,lazy,2048,2047,256,256,4,ok,False,2.665510654449463,2.783203125,,0.9895889647305012,64,50,NVIDIA RTX 5000 Ada Generation,
acbf,lazy,4096,4096,256,256,4,ok,False,5.000664710998535,5.001953125,,7.939955208450556,64,64,NVIDIA RTX 5000 Ada Generation,
acbf,full,512,511,64,64,1,ok,False,0.10941696166992188,0.138671875,,0.1611512778326869,64,24,NVIDIA RTX 5000 Ada Generation,
acbf,full,1024,1024,64,64,1,ok,False,0.1935734748840332,0.220703125,,0.17423081677407026,64,32,NVIDIA RTX 5000 Ada Generation,
acbf,full,2048,2047,64,64,1,ok,False,0.3663506507873535,0.388671875,,0.177894227206707,64,50,NVIDIA RTX 5000 Ada Generation,
acbf,full,4096,4096,64,64,1,ok,False,0.7093243598937988,0.744140625,,0.5926608853042126,64,64,NVIDIA RTX 5000 Ada Generation,
acbf,full,512,511,128,128,1,ok,False,0.4064598083496094,0.416015625,,0.18740426748991013,64,24,NVIDIA RTX 5000 Ada Generation,
acbf,full,1024,1024,128,128,1,ok,False,0.7503514289855957,0.779296875,,0.33128983341157436,64,32,NVIDIA RTX 5000 Ada Generation,
acbf,full,2048,2047,128,128,1,ok,False,1.437777042388916,1.447265625,,0.24034376442432404,64,50,NVIDIA RTX 5000 Ada Generation,
acbf,full,4096,4096,128,128,1,ok,False,2.8129773139953613,2.841796875,,1.9349325858056545,64,64,NVIDIA RTX 5000 Ada Generation,
acbf,full,512,511,256,256,1,ok,False,1.6024446487426758,1.642578125,,0.3342521833255887,64,24,NVIDIA RTX 5000 Ada Generation,
acbf,full,1024,1024,256,256,1,ok,False,2.977464199066162,3.017578125,,0.9238929431885481,64,32,NVIDIA RTX 5000 Ada Generation,
acbf,full,2048,2047,256,256,1,ok,False,5.727511882781982,5.767578125,,0.7451133271679282,64,50,NVIDIA RTX 5000 Ada Generation,
acbf,full,4096,4096,256,256,1,ok,False,11.227590084075928,11.267578125,,7.45410612039268,64,64,NVIDIA RTX 5000 Ada Generation,
acbf,full,512,511,64,64,2,ok,False,0.17082786560058594,0.22265625,,0.15845949575304985,64,24,NVIDIA RTX 5000 Ada Generation,
acbf,full,1024,1024,64,64,2,ok,False,0.3185906410217285,0.421875,,0.18196141440421343,64,32,NVIDIA RTX 5000 Ada Generation,
acbf,full,2048,2047,64,64,2,ok,False,0.6172223091125488,0.78515625,,0.19783945567905903,64,50,NVIDIA RTX 5000 Ada Generation,
acbf,full,4096,4096,64,64,2,ok,False,1.2093873023986816,1.55078125,,0.5798045955598354,64,64,NVIDIA RTX 5000 Ada Generation,
acbf,full,512,511,128,128,2,ok,False,0.6599464416503906,0.673828125,,0.19360617268830538,64,24,NVIDIA RTX 5000 Ada Generation,
acbf,full,1024,1024,128,128,2,ok,False,1.2543416023254395,1.259765625,,0.3344362126663327,64,32,NVIDIA RTX 5000 Ada Generation,
acbf,full,2048,2047,128,128,2,ok,False,2.441236972808838,2.455078125,,0.25223796628415585,64,50,NVIDIA RTX 5000 Ada Generation,
acbf,full,4096,4096,128,128,2,ok,False,4.817036151885986,4.826171875,,1.9578909184783697,64,64,NVIDIA RTX 5000 Ada Generation,
acbf,full,512,511,256,256,2,ok,False,2.6352853775024414,2.673828125,,0.3493478475138545,64,24,NVIDIA RTX 5000 Ada Generation,
acbf,full,1024,1024,256,256,2,ok,False,5.016671657562256,5.048828125,,0.948713842779398,64,32,NVIDIA RTX 5000 Ada Generation,
acbf,full,2048,2047,256,256,2,ok,False,9.759898662567139,9.798828125,,0.7871751235798001,64,50,NVIDIA RTX 5000 Ada Generation,
acbf,full,4096,4096,256,256,2,ok,False,19.266866207122803,19.298828125,,7.57035441044718,64,64,NVIDIA RTX 5000 Ada Generation,
acbf,full,512,511,64,64,3,ok,False,0.24980401992797852,0.275390625,,0.15676913037896156,64,24,NVIDIA RTX 5000 Ada Generation,
acbf,full,1024,1024,64,64,3,ok,False,0.47680187225341797,0.505859375,,0.18387989047914743,64,32,NVIDIA RTX 5000 Ada Generation,
acbf,full,2048,2047,64,64,3,ok,False,0.9296159744262695,0.955078125,,0.2049364149570465,64,50,NVIDIA RTX 5000 Ada Generation,
acbf,full,4096,4096,64,64,3,ok,False,1.8364171981811523,1.865234375,,0.6009359201416373,64,64,NVIDIA RTX 5000 Ada Generation,
acbf,full,512,511,128,128,3,ok,False,0.9996781349182129,1.005859375,,0.19639435317367315,64,24,NVIDIA RTX 5000 Ada Generation,
acbf,full,1024,1024,128,128,3,ok,False,1.906702995300293,1.912109375,,0.3427099138498306,64,32,NVIDIA RTX 5000 Ada Generation,
acbf,full,2048,2047,128,128,3,ok,False,3.718857765197754,3.740234375,,0.26536985393613577,64,50,NVIDIA RTX 5000 Ada Generation,
acbf,full,4096,4096,128,128,3,ok,False,7.344443321228027,7.365234375,,1.9877543225884438,64,64,NVIDIA RTX 5000 Ada Generation,
acbf,full,512,511,256,256,3,ok,False,3.9941821098327637,4.029296875,,0.36754488572478294,64,24,NVIDIA RTX 5000 Ada Generation,
acbf,full,1024,1024,256,256,3,ok,False,7.626064300537109,7.658203125,,0.9936469551175833,64,32,NVIDIA RTX 5000 Ada Generation,
acbf,full,2048,2047,256,256,3,ok,False,14.867109298706055,14.904296875,,0.8722498053684831,64,50,NVIDIA RTX 5000 Ada Generation,
acbf,full,4096,4096,256,256,3,ok,False,29.376304626464844,29.408203125,,7.7177356434985995,64,64,NVIDIA RTX 5000 Ada Generation,
acbf,full,512,511,64,64,4,ok,False,0.3512434959411621,0.380859375,,0.16372571233659983,64,24,NVIDIA RTX 5000 Ada Generation,
acbf,full,1024,1024,64,64,4,ok,False,0.6721401214599609,0.70703125,,0.1855102526023984,64,32,NVIDIA RTX 5000 Ada Generation,
acbf,full,2048,2047,64,64,4,ok,False,1.3123550415039062,1.34375,,0.2116165030747652,64,50,NVIDIA RTX 5000 Ada Generation,
acbf,full,4096,4096,64,64,4,ok,False,2.5943241119384766,2.6171875,,0.6205125972628593,64,64,NVIDIA RTX 5000 Ada Generation,
acbf,full,512,511,128,128,4,ok,False,1.403867244720459,1.419921875,,0.20065282192081213,64,24,NVIDIA RTX 5000 Ada Generation,
acbf,full,1024,1024,128,128,4,ok,False,2.687978744506836,2.701171875,,0.3535644244402647,64,32,NVIDIA RTX 5000 Ada Generation,
acbf,full,2048,2047,128,128,4,ok,False,5.246860504150391,5.271484375,,0.28398686926811934,64,50,NVIDIA RTX 5000 Ada Generation,
acbf,full,4096,4096,128,128,4,ok,False,10.375787734985352,10.388671875,,2.029806222766638,64,64,NVIDIA RTX 5000 Ada Generation,
acbf,full,512,511,256,256,4,ok,False,5.61529016494751,5.650390625,,0.39133994560688734,64,24,NVIDIA RTX 5000 Ada Generation,
acbf,full,1024,1024,256,256,4,ok,False,10.751090049743652,10.783203125,,1.0402112510055304,64,32,NVIDIA RTX 5000 Ada Generation,
acbf,full,2048,2047,256,256,4,ok,False,20.98629856109619,21.025390625,,0.9624208677560091,64,50,NVIDIA RTX 5000 Ada Generation,
acbf,full,4096,4096,256,256,4,oom_estimated,True,41.79852224448393,,oom,7.497547393664718,64,64,NVIDIA RTX 5000 Ada Generation,"CUDA out of memory. Tried to allocate 288.00 MiB. GPU 0 has a total capacity of 31.47 GiB of which 150.25 MiB is free. Including non-PyTorch memory, this process has 30.92 GiB memory in use. Of the allocated memory 30.53 GiB is allocated by PyTorch, and 32.65 MiB is reserved by PyTorch but unallocated. If reserved but unallocated memory is large try setting PYTORCH_CUDA_ALLOC_CONF=expandable_segments:True to avoid fragmentation.  See documentation for Memory Management  (https://pytorch.org/docs"
tcbf,lazy,512,511,64,64,1,ok,False,0.039101600646972656,0.0546875,,0.1316448012366891,64,24,NVIDIA RTX 5000 Ada Generation,
tcbf,lazy,1024,1024,64,64,1,ok,False,0.07819890975952148,0.08203125,,0.14661298878490925,64,32,NVIDIA RTX 5000 Ada Generation,
tcbf,lazy,2048,2047,64,64,1,ok,False,0.1563715934753418,0.16015625,,0.1508397413417697,64,50,NVIDIA RTX 5000 Ada Generation,
tcbf,lazy,4096,4096,64,64,1,ok,False,0.3126997947692871,0.31640625,,0.5240309331566095,64,64,NVIDIA RTX 5000 Ada Generation,
tcbf,lazy,512,511,128,128,1,ok,False,0.15639591217041016,0.158203125,,0.1646873950958252,64,24,NVIDIA RTX 5000 Ada Generation,
tcbf,lazy,1024,1024,128,128,1,ok,False,0.3126654624938965,0.314453125,,0.3033714899793267,64,32,NVIDIA RTX 5000 Ada Generation,
tcbf,lazy,2048,2047,128,128,1,ok,False,0.6252131462097168,0.626953125,,0.20294564310461283,64,50,NVIDIA RTX 5000 Ada Generation,
tcbf,lazy,4096,4096,128,128,1,ok,False,1.250291347503662,1.251953125,,2.0549565572291613,64,64,NVIDIA RTX 5000 Ada Generation,
tcbf,lazy,512,511,256,256,1,ok,False,0.6255121231079102,0.626953125,,0.2787201125174761,64,24,NVIDIA RTX 5000 Ada Generation,
tcbf,lazy,1024,1024,256,256,1,ok,False,1.2505316734313965,1.251953125,,0.8580966657027602,64,32,NVIDIA RTX 5000 Ada Generation,
tcbf,lazy,2048,2047,256,256,1,ok,False,2.500579357147217,2.501953125,,0.6262428713962436,64,50,NVIDIA RTX 5000 Ada Generation,
tcbf,lazy,4096,4096,256,256,1,ok,False,5.000657558441162,5.001953125,,8.258244346827269,64,64,NVIDIA RTX 5000 Ada Generation,
tcbf,lazy,512,511,64,64,2,ok,False,0.03910350799560547,0.0546875,,0.13279471453279257,64,24,NVIDIA RTX 5000 Ada Generation,
tcbf,lazy,1024,1024,64,64,2,ok,False,0.0782008171081543,0.08203125,,0.1508668214082718,64,32,NVIDIA RTX 5000 Ada Generation,
tcbf,lazy,2048,2047,64,64,2,ok,False,0.1563735008239746,0.16015625,,0.15886059775948524,64,50,NVIDIA RTX 5000 Ada Generation,
tcbf,lazy,4096,4096,64,64,2,ok,False,0.3127017021179199,0.31640625,,0.5438069477677345,64,64,NVIDIA RTX 5000 Ada Generation,
tcbf,lazy,512,511,128,128,2,ok,False,0.15639781951904297,0.158203125,,0.1677661333233118,64,24,NVIDIA RTX 5000 Ada Generation,
tcbf,lazy,1024,1024,128,128,2,ok,False,0.3126673698425293,0.314453125,,0.30467813462018967,64,32,NVIDIA RTX 5000 Ada Generation,
tcbf,lazy,2048,2047,128,128,2,ok,False,0.6252150535583496,0.626953125,,0.21295235306024551,64,50,NVIDIA RTX 5000 Ada Generation,
tcbf,lazy,4096,4096,128,128,2,ok,False,1.250293254852295,1.251953125,,1.9997104331851006,64,64,NVIDIA RTX 5000 Ada Generation,
tcbf,lazy,512,511,256,256,2,ok,False,0.625514030456543,0.626953125,,0.2851707814261317,64,24,NVIDIA RTX 5000 Ada Generation,
tcbf,lazy,1024,1024,256,256,2,ok,False,1.2505335807800293,1.251953125,,0.8560335412621498,64,32,NVIDIA RTX 5000 Ada Generation,
tcbf,lazy,2048,2047,256,256,2,ok,False,2.5005812644958496,2.501953125,,0.6106764040887356,64,50,NVIDIA RTX 5000 Ada Generation,
tcbf,lazy,4096,4096,256,256,2,ok,False,5.000659465789795,5.001953125,,8.030771606601775,64,64,NVIDIA RTX 5000 Ada Generation,
tcbf,lazy,512,511,64,64,3,ok,False,0.039105892181396484,0.0546875,,0.14696210529655218,64,24,NVIDIA RTX 5000 Ada Generation,
tcbf,lazy,1024,1024,64,64,3,ok,False,0.07820320129394531,0.08203125,,0.15466815885156393,64,32,NVIDIA RTX 5000 Ada Generation,
tcbf,lazy,2048,2047,64,64,3,ok,False,0.15637588500976562,0.16015625,,0.1669802265241742,64,50,NVIDIA RTX 5000 Ada Generation,
tcbf,lazy,4096,4096,64,64,3,ok,False,0.31270408630371094,0.31640625,,0.5620470829308033,64,64,NVIDIA RTX 5000 Ada Generation,
tcbf,lazy,512,511,128,128,3,ok,False,0.15640020370483398,0.158203125,,0.17283926159143448,64,24,NVIDIA RTX 5000 Ada Generation,
tcbf,lazy,1024,1024,128,128,3,ok,False,0.3126697540283203,0.314453125,,0.3131474005058408,64,32,NVIDIA RTX 5000 Ada Generation,
tcbf,lazy,2048,2047,128,128,3,ok,False,0.6252174377441406,0.626953125,,0.225961041636765,64,50,NVIDIA RTX 5000 Ada Generation,
tcbf,lazy,4096,4096,128,128,3,ok,False,1.250295639038086,1.251953125,,2.0082801124081016,64,64,NVIDIA RTX 5000 Ada Generation,
tcbf,lazy,512,511,256,256,3,ok,False,0.625516414642334,0.626953125,,0.2885744655504823,64,24,NVIDIA RTX 5000 Ada Generation,
tcbf,lazy,1024,1024,256,256,3,ok,False,1.2505359649658203,1.251953125,,0.8646056903526187,64,32,NVIDIA RTX 5000 Ada Generation,
tcbf,lazy,2048,2047,256,256,3,ok,False,2.5005836486816406,2.501953125,,0.6250568339601159,64,50,NVIDIA RTX 5000 Ada Generation,
tcbf,lazy,4096,4096,256,256,3,ok,False,5.000661849975586,5.001953125,,8.031727388501167,64,64,NVIDIA RTX 5000 Ada Generation,
tcbf,lazy,512,511,64,64,4,ok,False,0.0391087532043457,0.0546875,,0.1366760917007923,64,24,NVIDIA RTX 5000 Ada Generation,
tcbf,lazy,1024,1024,64,64,4,ok,False,0.07820606231689453,0.08203125,,0.1599587332457304,64,32,NVIDIA RTX 5000 Ada Generation,
tcbf,lazy,2048,2047,64,64,4,ok,False,0.15637874603271484,0.16015625,,0.1756657650694251,64,50,NVIDIA RTX 5000 Ada Generation,
tcbf,lazy,4096,4096,64,64,4,ok,False,0.31270694732666016,0.31640625,,0.5917632579803467,64,64,NVIDIA RTX 5000 Ada Generation,
tcbf,lazy,512,511,128,128,4,ok,False,0.1564030647277832,0.158203125,,0.1716740308329463,64,24,NVIDIA RTX 5000 Ada Generation,
tcbf,lazy,1024,1024,128,128,4,ok,False,0.31267261505126953,0.314453125,,0.3138231812044978,64,32,NVIDIA RTX 5000 Ada Generation,
tcbf,lazy,2048,2047,128,128,4,ok,False,0.6252202987670898,0.626953125,,0.22708069905638695,64,50,NVIDIA RTX 5000 Ada Generation,
tcbf,lazy,4096,4096,128,128,4,ok,False,1.2502985000610352,1.251953125,,2.035104307346046,64,64,NVIDIA RTX 5000 Ada Generation,
tcbf,lazy,512,511,256,256,4,ok,False,0.6255192756652832,0.626953125,,0.2984186615794897,64,24,NVIDIA RTX 5000 Ada Generation,
tcbf,lazy,1024,1024,256,256,4,ok,False,1.2505388259887695,1.251953125,,0.8615364916622639,64,32,NVIDIA RTX 5000 Ada Generation,
tcbf,lazy,2048,2047,256,256,4,ok,False,2.50058650970459,2.501953125,,0.6256827507168055,64,50,NVIDIA RTX 5000 Ada Generation,
tcbf,lazy,4096,4096,256,256,4,ok,False,5.000664710998535,5.001953125,,7.930529932491481,64,64,NVIDIA RTX 5000 Ada Generation,
tcbf,full,512,511,64,64,1,ok,False,0.039101600646972656,0.0546875,,0.13074629101902246,64,24,NVIDIA RTX 5000 Ada Generation,
tcbf,full,1024,1024,64,64,1,ok,False,0.07819890975952148,0.08203125,,0.14760299772024155,64,32,NVIDIA RTX 5000 Ada Generation,
tcbf,full,2048,2047,64,64,1,ok,False,0.1563715934753418,0.16015625,,0.15074910130351782,64,50,NVIDIA RTX 5000 Ada Generation,
tcbf,full,4096,4096,64,64,1,ok,False,0.3126997947692871,0.31640625,,0.5304317139089108,64,64,NVIDIA RTX 5000 Ada Generation,
tcbf,full,512,511,128,128,1,ok,False,0.15639591217041016,0.158203125,,0.17166246380656958,64,24,NVIDIA RTX 5000 Ada Generation,
tcbf,full,1024,1024,128,128,1,ok,False,0.3126654624938965,0.314453125,,0.30586976278573275,64,32,NVIDIA RTX 5000 Ada Generation,
tcbf,full,2048,2047,128,128,1,ok,False,0.6252131462097168,0.626953125,,0.21098829805850983,64,50,NVIDIA RTX 5000 Ada Generation,
tcbf,full,4096,4096,128,128,1,ok,False,1.250291347503662,1.251953125,,1.9757939726114273,64,64,NVIDIA RTX 5000 Ada Generation,
tcbf,full,512,511,256,256,1,ok,False,0.6255121231079102,0.626953125,,0.28244559466838837,64,24,NVIDIA RTX 5000 Ada Generation,
tcbf,full,1024,1024,256,256,1,ok,False,1.2505316734313965,1.251953125,,0.8594251144677401,64,32,NVIDIA RTX 5000 Ada Generation,
tcbf,full,2048,2047,256,256,1,ok,False,2.500579357147217,2.501953125,,0.6275848802179098,64,50,NVIDIA RTX 5000 Ada Generation,
tcbf,full,4096,4096,256,256,1,ok,False,5.000657558441162,5.001953125,,7.964732305146754,64,64,NVIDIA RTX 5000 Ada Generation,
tcbf,full,512,511,64,64,2,ok,False,0.03910350799560547,0.0546875,,0.13275938387960196,64,24,NVIDIA RTX 5000 Ada Generation,
tcbf,full,1024,1024,64,64,2,ok,False,0.0782008171081543,0.08203125,,0.1493329107761383,64,32,NVIDIA RTX 5000 Ada Generation,
tcbf,full,2048,2047,64,64,2,ok,False,0.1563735008239746,0.16015625,,0.15683268569409847,64,50,NVIDIA RTX 5000 Ada Generation,
tcbf,full,4096,4096,64,64,2,ok,False,0.3127017021179199,0.31640625,,0.5399858430027962,64,64,NVIDIA RTX 5000 Ada Generation,
tcbf,full,512,511,128,128,2,ok,False,0.15639781951904297,0.158203125,,0.17022840399295092,64,24,NVIDIA RTX 5000 Ada Generation,
tcbf,full,1024,1024,128,128,2,ok,False,0.3126673698425293,0.314453125,,0.3056861227378249,64,32,NVIDIA RTX 5000 Ada Generation,
tcbf,full,2048,2047,128,128,2,ok,False,0.6252150535583496,0.626953125,,0.2128971852362156,64,50,NVIDIA RTX 5000 Ada Generation,
tcbf,full,4096,4096,128,128,2,ok,False,1.250293254852295,1.251953125,,1.949541931040585,64,64,NVIDIA RTX 5000 Ada Generation,
tcbf,full,512,511,256,256,2,ok,False,0.625514030456543,0.626953125,,0.29048855137079954,64,24,NVIDIA RTX 5000 Ada Generation,
tcbf,full,1024,1024,256,256,2,ok,False,1.2505335807800293,1.251953125,,0.8567747678607702,64,32,NVIDIA RTX 5000 Ada Generation,
tcbf,full,2048,2047,256,256,2,ok,False,2.5005812644958496,2.501953125,,0.6098721483722329,64,50,NVIDIA RTX 5000 Ada Generation,
tcbf,full,4096,4096,256,256,2,ok,False,5.000659465789795,5.001953125,,7.8902749717235565,64,64,NVIDIA RTX 5000 Ada Generation,
tcbf,full,512,511,64,64,3,ok,False,0.039105892181396484,0.0546875,,0.13175516109913588,64,24,NVIDIA RTX 5000 Ada Generation,
tcbf,full,1024,1024,64,64,3,ok,False,0.07820320129394531,0.08203125,,0.15415414236485958,64,32,NVIDIA RTX 5000 Ada Generation,
tcbf,full,2048,2047,64,64,3,ok,False,0.15637588500976562,0.16015625,,0.16626374702900648,64,50,NVIDIA RTX 5000 Ada Generation,
tcbf,full,4096,4096,64,64,3,ok,False,0.31270408630371094,0.31640625,,0.5496710073202848,64,64,NVIDIA RTX 5000 Ada Generation,
tcbf,full,512,511,128,128,3,ok,False,0.15640020370483398,0.158203125,,0.1683059185743332,64,24,NVIDIA RTX 5000 Ada Generation,
tcbf,full,1024,1024,128,128,3,ok,False,0.3126697540283203,0.314453125,,0.31215253844857216,64,32,NVIDIA RTX 5000 Ada Generation,
tcbf,full,2048,2047,128,128,3,ok,False,0.6252174377441406,0.626953125,,0.21691695973277092,64,50,NVIDIA RTX 5000 Ada Generation,
tcbf,full,4096,4096,128,128,3,ok,False,1.250295639038086,1.251953125,,1.9645182201638818,64,64,NVIDIA RTX 5000 Ada Generation,
tcbf,full,512,511,256,256,3,ok,False,0.625516414642334,0.626953125,,0.2942304564639926,64,24,NVIDIA RTX 5000 Ada Generation,
tcbf,full,1024,1024,256,256,3,ok,False,1.2505359649658203,1.251953125,,0.8670677188783884,64,32,NVIDIA RTX 5000 Ada Generation,
tcbf,full,2048,2047,256,256,3,ok,False,2.5005836486816406,2.501953125,,0.6207317616790533,64,50,NVIDIA RTX 5000 Ada Generation,
tcbf,full,4096,4096,256,256,3,ok,False,5.000661849975586,5.001953125,,7.91880726069212,64,64,NVIDIA RTX 5000 Ada Generation,
tcbf,full,512,511,64,64,4,ok,False,0.0391087532043457,0.0546875,,0.13661665003746748,64,24,NVIDIA RTX 5000 Ada Generation,
tcbf,full,1024,1024,64,64,4,ok,False,0.07820606231689453,0.08203125,,0.1607579244300723,64,32,NVIDIA RTX 5000 Ada Generation,
tcbf,full,2048,2047,64,64,4,ok,False,0.15637874603271484,0.16015625,,0.17296937853097916,64,50,NVIDIA RTX 5000 Ada Generation,
tcbf,full,4096,4096,64,64,4,ok,False,0.31270694732666016,0.31640625,,0.5736097702756524,64,64,NVIDIA RTX 5000 Ada Generation,
tcbf,full,512,511,128,128,4,ok,False,0.1564030647277832,0.158203125,,0.16976517904549837,64,24,NVIDIA RTX 5000 Ada Generation,
tcbf,full,1024,1024,128,128,4,ok,False,0.31267261505126953,0.314453125,,0.319923329167068,64,32,NVIDIA RTX 5000 Ada Generation,
tcbf,full,2048,2047,128,128,4,ok,False,0.6252202987670898,0.626953125,,0.2274241792038083,64,50,NVIDIA RTX 5000 Ada Generation,
tcbf,full,4096,4096,128,128,4,ok,False,1.2502985000610352,1.251953125,,1.9986326228827238,64,64,NVIDIA RTX 5000 Ada Generation,
tcbf,full,512,511,256,256,4,ok,False,0.6255192756652832,0.626953125,,0.3016653135418892,64,24,NVIDIA RTX 5000 Ada Generation,
tcbf,full,1024,1024,256,256,4,ok,False,1.2505388259887695,1.251953125,,0.8606467442587018,64,32,NVIDIA RTX 5000 Ada Generation,
tcbf,full,2048,2047,256,256,4,ok,False,2.50058650970459,2.501953125,,0.6564117297530174,64,50,NVIDIA RTX 5000 Ada Generation,
tcbf,full,4096,4096,256,256,4,ok,False,5.000664710998535,5.001953125,,7.879845377989113,64,64,NVIDIA RTX 5000 Ada Generation,
