recon_mode,cache_mode,requested_nb,actual_nb,ry,rx,max_order,status,raw_dataset_mib,vbf_stack_mib,raw_dataset_h2d_mean_s,raw_dataset_h2d_std_s,vbf_stack_h2d_mean_s,vbf_stack_h2d_std_s,solver_init_mean_s,solver_init_std_s,reconstruct_cold_s,reconstruct_warm_mean_s,reconstruct_warm_std_s,reconstruct_warm_min_s,reconstruct_warm_max_s,warmup_repeats,timing_repeats,transfer_repeats,init_repeats,chunk_size,peak_allocated_gib,peak_reserved_gib,device_name,error
acbf,lazy,512,511,64,64,1,ok,9.0,7.984375,0.0013108598068356514,0.00014286370334278526,0.0010237743457158406,2.6392697339816463e-05,0.012103616259992123,0.008018305467201867,0.07862341869622469,0.005917021694282691,7.937402878574902e-05,0.005842181853950024,0.006000261753797531,1,3,3,3,64,0.055889129638671875,0.0859375,NVIDIA RTX 5000 Ada Generation,
acbf,lazy,1024,1024,64,64,1,ok,16.0,16.0,0.0020331600680947304,3.220465133803038e-05,0.0020322936276594796,9.785927795775036e-06,0.029403539684911568,0.009963252310524697,0.0803402941673994,0.010068938756982485,0.00035193403992730363,0.009780202060937881,0.010460957884788513,1,3,3,3,64,0.08614206314086914,0.11328125,NVIDIA RTX 5000 Ada Generation,
acbf,lazy,2048,2047,64,64,1,ok,39.0625,31.984375,0.004407632164657116,2.7598977792916153e-05,0.0036713595812519393,2.3215761967849497e-05,0.04607671499252319,0.01495253467790423,0.09019169397652149,0.0216877864052852,0.0006569538983591601,0.020982898771762848,0.022283002734184265,1,3,3,3,64,0.1643223762512207,0.19140625,NVIDIA RTX 5000 Ada Generation,
acbf,lazy,4096,4096,64,64,1,ok,64.0,64.0,0.006862785356740157,4.2534803513433276e-05,0.006821072660386562,7.221354353187012e-06,0.15195848606526852,0.01627769669729694,0.11347311455756426,0.04106874174127976,0.0010290450204426733,0.04021690506488085,0.04221209604293108,1,3,3,3,64,0.3206658363342285,0.34765625,NVIDIA RTX 5000 Ada Generation,
acbf,lazy,512,511,128,128,1,ok,36.0,31.9375,0.004100395366549492,4.7370469872986096e-05,0.0036839420596758523,2.4826200457239714e-05,0.048474024360378586,0.012634329640707176,0.07237188518047333,0.00600898452103138,0.00010460303745361878,0.005909367464482784,0.006117946468293667,1,3,3,3,64,0.19210433959960938,0.201171875,NVIDIA RTX 5000 Ada Generation,
acbf,lazy,1024,1024,128,128,1,ok,64.0,64.0,0.006942082817355792,2.2754448808666287e-05,0.006925619828204314,2.686141812464964e-05,0.13905433161805072,0.014810573436400213,0.08957933634519577,0.012068758097787699,0.0001773798718659128,0.011864579282701015,0.012184878811240196,1,3,3,3,64,0.32060861587524414,0.333984375,NVIDIA RTX 5000 Ada Generation,
acbf,lazy,2048,2047,128,128,1,ok,156.25,127.9375,0.016364084246257942,4.175443168421106e-05,0.013599392026662827,7.36286209632704e-05,0.18615012460698685,0.02484256735884863,0.09951525088399649,0.024227541560928028,0.0015700068525905208,0.023125747218728065,0.026025217957794666,1,3,3,3,64,0.6331639289855957,0.646484375,NVIDIA RTX 5000 Ada Generation,
acbf,lazy,4096,4096,128,128,1,ok,256.0,256.0,0.026111480159064133,2.7952699825973694e-05,0.02636829639474551,0.0002379603518417637,0.6023484893764058,0.041420231644628075,0.13017861358821392,0.04660738787303368,0.000592173545820561,0.045967417769134045,0.04713593516498804,1,3,3,3,64,1.2582573890686035,1.271484375,NVIDIA RTX 5000 Ada Generation,
acbf,lazy,512,511,256,256,1,ok,144.0,127.75,0.015134254780908426,5.888876319439539e-05,0.013438857470949491,3.687766315769664e-05,0.19040478797008595,0.02490099199462347,0.10061715450137854,0.03128690520922343,4.571594768828946e-05,0.03124516736716032,0.03133576363325119,1,3,3,3,64,0.7440462112426758,0.771484375,NVIDIA RTX 5000 Ada Generation,
acbf,lazy,1024,1024,256,256,1,ok,256.0,256.0,0.02668808338542779,0.0002010748531084988,0.026686607239147026,0.00018945513288917603,0.565340499393642,0.04273584102049582,0.13696942199021578,0.06204825515548388,5.3228675118706476e-05,0.062010823749005795,0.06210919003933668,1,3,3,3,64,1.2584757804870605,1.271484375,NVIDIA RTX 5000 Ada Generation,
acbf,lazy,2048,2047,256,256,1,ok,625.0,511.75,0.06461343976358573,1.622709649223134e-05,0.052844250264267124,5.469428131050798e-05,0.8234127766142288,0.09904908242481425,0.2003964725881815,0.12268049332002799,5.913722814875422e-05,0.12262298166751862,0.12274113204330206,1,3,3,3,64,2.508531093597412,2.521484375,NVIDIA RTX 5000 Ada Generation,
acbf,lazy,4096,4096,256,256,1,ok,1024.0,1024.0,0.102909365358452,0.00013316829078252411,0.10299008587996165,7.295034574873171e-05,3.6107884800682464,0.14213726510060234,0.3369724340736866,0.2450984651222825,7.255513218018666e-05,0.24501490406692028,0.24514548107981682,1,3,3,3,64,5.00862455368042,5.0234375,NVIDIA RTX 5000 Ada Generation,
acbf,lazy,512,511,64,64,2,ok,9.0,7.984375,0.001096515916287899,4.106610936996307e-05,0.0009787421052654584,1.8710910648614512e-05,0.012034418371816477,0.007967020072758629,0.07803117390722036,0.007504720551272233,0.00033907090809442747,0.007252405397593975,0.00789014995098114,1,3,3,3,64,0.0677175521850586,0.091796875,NVIDIA RTX 5000 Ada Generation,
acbf,lazy,1024,1024,64,64,2,ok,16.0,16.0,0.002047932085891565,9.177656412970097e-06,0.00202836903433005,4.1121196342891955e-06,0.030561522270242374,0.009882585990396457,0.08763502258807421,0.013934683365126451,0.0004260693768877136,0.013444622047245502,0.014217331074178219,1,3,3,3,64,0.09204435348510742,0.119140625,NVIDIA RTX 5000 Ada Generation,
acbf,lazy,2048,2047,64,64,2,ok,39.0625,31.984375,0.004337085410952568,2.3192272882169597e-05,0.003579785426457723,1.4710660742285721e-05,0.0460725004474322,0.014686831392638666,0.09546011779457331,0.030137018611033756,0.0016479174429215393,0.028347592800855637,0.0315921762958169,1,3,3,3,64,0.16432428359985352,0.197265625,NVIDIA RTX 5000 Ada Generation,
acbf,lazy,4096,4096,64,64,2,ok,64.0,64.0,0.006955758047600587,1.7121295514150633e-05,0.0069588301703333855,3.23133934031188e-05,0.12338035336385171,0.01798441352463819,0.1309199295938015,0.05807857774198055,0.0025741525915339574,0.05584384500980377,0.06089321803301573,1,3,3,3,64,0.32066774368286133,0.353515625,NVIDIA RTX 5000 Ada Generation,
acbf,lazy,512,511,128,128,2,ok,36.0,31.9375,0.004058646348615487,3.170684306794923e-05,0.0036315685138106346,1.8425771312999592e-05,0.048940167762339115,0.013258606663618512,0.07835815381258726,0.009054654588301977,0.0001659272740160101,0.008918850682675838,0.009239602833986282,1,3,3,3,64,0.2467947006225586,0.251953125,NVIDIA RTX 5000 Ada Generation,
acbf,lazy,1024,1024,128,128,2,ok,64.0,64.0,0.006836287677288055,7.589547810540836e-05,0.006800631061196327,2.3821563684811597e-05,0.13792097475379705,0.013875711125394114,0.09733807761222124,0.018177611132462818,0.0002262976409133971,0.017927146516740322,0.018367351032793522,1,3,3,3,64,0.3405642509460449,0.361328125,NVIDIA RTX 5000 Ada Generation,
acbf,lazy,2048,2047,128,128,2,ok,156.25,127.9375,0.016360509830216568,3.822925312950705e-05,0.013467394436399141,3.398575062311182e-05,0.1839148004849752,0.02547313762929491,0.10725082457065582,0.03559888775149981,0.000238272408909924,0.03545191325247288,0.035873801447451115,1,3,3,3,64,0.6331658363342285,0.646484375,NVIDIA RTX 5000 Ada Generation,
acbf,lazy,4096,4096,128,128,2,ok,256.0,256.0,0.02613020781427622,3.845242524610648e-05,0.026410482823848724,0.0005355928241847146,0.6329364938040575,0.04056877274401418,0.14618514850735664,0.06951124065866073,0.0013076311863353246,0.06875562574714422,0.07102116290479898,1,3,3,3,64,1.2582592964172363,1.271484375,NVIDIA RTX 5000 Ada Generation,
acbf,lazy,512,511,256,256,2,ok,144.0,127.75,0.014820085217555365,6.476483839479848e-05,0.013182183417181173,5.0114696246163325e-05,0.18355815298855305,0.02482350323394031,0.11591176129877567,0.049386873841285706,0.000247562872958309,0.04921468626707792,0.04967058077454567,1,3,3,3,64,0.962799072265625,1.037109375,NVIDIA RTX 5000 Ada Generation,
acbf,lazy,1024,1024,256,256,2,ok,256.0,256.0,0.026130919965604942,3.996143753617406e-05,0.026073480645815533,5.117620744289211e-05,0.5548933908964196,0.041607763258536254,0.16576885897666216,0.09645307715982199,7.467755711170001e-05,0.0963688213378191,0.09651109389960766,1,3,3,3,64,1.3378186225891113,1.380859375,NVIDIA RTX 5000 Ada Generation,
acbf,lazy,2048,2047,256,256,2,ok,625.0,511.75,0.0629927571862936,0.0001256235802509958,0.05159310189386209,3.913831652784161e-05,0.8104221218576034,0.07848907174569802,0.2697518179193139,0.19326102981964746,9.85857430495924e-05,0.1931519117206335,0.19334367942065,1,3,3,3,64,2.508533000946045,2.521484375,NVIDIA RTX 5000 Ada Generation,
acbf,lazy,4096,4096,256,256,2,ok,1024.0,1024.0,0.10369986047347386,0.0014140786289060562,0.10466878333439429,0.001312243180843372,3.7324736751616,0.15835588384716556,0.4783704048022628,0.38613610590497655,0.001550634102201539,0.38501373305916786,0.38790546264499426,1,3,3,3,64,5.008626461029053,5.0234375,NVIDIA RTX 5000 Ada Generation,
acbf,lazy,512,511,64,64,3,ok,9.0,7.984375,0.001089410235484441,4.253581492511249e-05,0.0009660456950465838,2.004503970336863e-05,0.012079687478641668,0.007817053610362747,0.08048159535974264,0.00979001292337974,5.435185045038616e-05,0.009728646837174892,0.009832087904214859,1,3,3,3,64,0.08432245254516602,0.109375,NVIDIA RTX 5000 Ada Generation,
acbf,lazy,1024,1024,64,64,3,ok,16.0,16.0,0.0020463777085145316,3.051746026468035e-05,0.002020119378964106,2.1138350083384648e-05,0.030411096289753914,0.00908931901611851,0.09113115258514881,0.019705419118205707,0.0007362116296214547,0.019274328835308552,0.020555494353175163,1,3,3,3,64,0.10779476165771484,0.125,NVIDIA RTX 5000 Ada Generation,
acbf,lazy,2048,2047,64,64,3,ok,39.0625,31.984375,0.004401149849096934,2.8249318998658604e-05,0.0036549499879280725,1.5975096665930572e-05,0.046807534682253994,0.014599412599368432,0.11303364299237728,0.03752666680763165,0.0009002549025527467,0.03672994952648878,0.03850329015403986,1,3,3,3,64,0.16432666778564453,0.203125,NVIDIA RTX 5000 Ada Generation,
acbf,lazy,4096,4096,64,64,3,ok,64.0,64.0,0.006966898528238137,5.0246822754430604e-05,0.0069415799031655,3.4525453227180665e-05,0.15315120201557875,0.016429166769867967,0.1487727640196681,0.0756683877358834,0.0005724898201241639,0.07511871494352818,0.0762612484395504,1,3,3,3,64,0.32067012786865234,0.359375,NVIDIA RTX 5000 Ada Generation,
acbf,lazy,512,511,128,128,3,ok,36.0,31.9375,0.0040098462874690695,3.305346798623354e-05,0.0035857620338598886,3.5024328205868227e-05,0.0467694935699304,0.014030306927234858,0.08049828186631203,0.01545777078717947,5.312263527212367e-05,0.015396470203995705,0.015490342862904072,1,3,3,3,64,0.313204288482666,0.357421875,NVIDIA RTX 5000 Ada Generation,
acbf,lazy,1024,1024,128,128,3,ok,64.0,64.0,0.006948887991408507,2.148408828783033e-05,0.006936845990518729,4.065496230129522e-05,0.1414593051498135,0.014295138414309135,0.10255936346948147,0.030326015315949917,0.00013486000529689063,0.030171124264597893,0.030417381785809994,1,3,3,3,64,0.40697383880615234,0.427734375,NVIDIA RTX 5000 Ada Generation,
acbf,lazy,2048,2047,128,128,3,ok,156.25,127.9375,0.016001053464909393,3.379777715348413e-05,0.01319807954132557,6.161457636966163e-05,0.1831536302343011,0.024932996404113558,0.13264551665633917,0.0608018363515536,0.002932656128303879,0.05898819863796234,0.06418524775654078,1,3,3,3,64,0.6331682205200195,0.646484375,NVIDIA RTX 5000 Ada Generation,
acbf,lazy,4096,4096,128,128,3,ok,256.0,256.0,0.026626266539096832,7.569263508785143e-05,0.026549500102798145,7.738368466515515e-05,0.6332752909511328,0.04767062523786591,0.19359897263348103,0.11868874728679657,0.00028829688535721046,0.1184598496183753,0.11901252716779709,1,3,3,3,64,1.2582616806030273,1.271484375,NVIDIA RTX 5000 Ada Generation,
acbf,lazy,512,511,256,256,3,ok,144.0,127.75,0.014823604375123978,4.850621348688799e-05,0.013163392742474874,5.327416156552207e-05,0.1874920375024279,0.02127865712399432,0.1363296378403902,0.06930424179881811,8.103074002719756e-05,0.06921134516596794,0.06936036702245474,1,3,3,3,64,1.2284274101257324,1.380859375,NVIDIA RTX 5000 Ada Generation,
acbf,lazy,1024,1024,256,256,3,ok,256.0,256.0,0.02664923792084058,2.7689171033548193e-05,0.026526850648224354,2.2550038783222804e-05,0.5640345166126887,0.043179344661416,0.208644337952137,0.13984890251109997,6.27384691483113e-05,0.13978307228535414,0.13990800734609365,1,3,3,3,64,1.6034469604492188,1.646484375,NVIDIA RTX 5000 Ada Generation,
acbf,lazy,2048,2047,256,256,3,ok,625.0,511.75,0.064301202694575,7.344236872637667e-05,0.0526852294181784,2.2417982332670908e-05,0.8230921753371755,0.07847768513781382,0.3497432768344879,0.2740168838451306,3.092586552962613e-05,0.27398332115262747,0.27404422778636217,1,3,3,3,64,2.508535385131836,2.521484375,NVIDIA RTX 5000 Ada Generation,
acbf,lazy,4096,4096,256,256,3,ok,1024.0,1024.0,0.10278599864492814,0.00013520618026907258,0.10293641624351342,0.00015818948149219243,3.7774496525526047,0.1377379585636893,0.6371610881760716,0.5523641177763542,0.00022642682927365165,0.5521891303360462,0.5526198484003544,1,3,3,3,64,5.008628845214844,5.0234375,NVIDIA RTX 5000 Ada Generation,
acbf,lazy,512,511,64,64,4,ok,9.0,7.984375,0.001106944556037585,5.362991281309174e-05,0.0009723799303174019,1.3540385242973041e-05,0.01214861993988355,0.008169303880412206,0.08333609439432621,0.012504736271997293,0.0003242295286502694,0.01214600820094347,0.012776892632246017,1,3,3,3,64,0.10385799407958984,0.12109375,NVIDIA RTX 5000 Ada Generation,
acbf,lazy,1024,1024,64,64,4,ok,16.0,16.0,0.0020122133816281953,3.15306786298643e-05,0.001992032863199711,1.2349296708104432e-05,0.03047755640000105,0.009440554124588114,0.09154728148132563,0.023901351106663544,0.00024664207894719214,0.023695651441812515,0.024174782447516918,1,3,3,3,64,0.12733030319213867,0.150390625,NVIDIA RTX 5000 Ada Generation,
acbf,lazy,2048,2047,64,64,4,ok,39.0625,31.984375,0.004398570706446965,2.441573438486501e-05,0.0036822926873962083,3.4709207146286834e-05,0.04657168313860893,0.014036534841662401,0.11614638101309538,0.048042794689536095,0.00018324786811173984,0.04790803790092468,0.048251453787088394,1,3,3,3,64,0.17425298690795898,0.2109375,NVIDIA RTX 5000 Ada Generation,
acbf,lazy,4096,4096,64,64,4,ok,64.0,64.0,0.0069451360031962395,4.848581811611691e-05,0.006954623386263847,2.8428524537159045e-05,0.15172746746490398,0.015961164280611246,0.16363696102052927,0.09503966787209113,0.0006529872296713563,0.09439204167574644,0.09569788724184036,1,3,3,3,64,0.32067298889160156,0.3671875,NVIDIA RTX 5000 Ada Generation,
acbf,lazy,512,511,128,128,4,ok,36.0,31.9375,0.003998793040712674,2.417355970283963e-05,0.003586673798660437,1.5201788740142671e-05,0.0471439432973663,0.014372491915198278,0.08480893820524216,0.021605838400622208,0.00013526822260276182,0.021479186601936817,0.02174832858145237,1,3,3,3,64,0.39133358001708984,0.396484375,NVIDIA RTX 5000 Ada Generation,
acbf,lazy,1024,1024,128,128,4,ok,64.0,64.0,0.006939072161912918,7.68565336886359e-06,0.006897924157480399,3.3764505094912914e-05,0.14045795456816754,0.015306921348408884,0.11323008127510548,0.043687548177937664,0.00011485323405481038,0.04355714190751314,0.0437736539170146,1,3,3,3,64,0.48510313034057617,0.494140625,NVIDIA RTX 5000 Ada Generation,
acbf,lazy,2048,2047,128,128,4,ok,156.25,127.9375,0.016238658378521603,0.0003481416719155296,0.01319574968268474,7.28506645883468e-05,0.1849701963365078,0.02331628875635836,0.15360271092504263,0.084427737010022,0.0001679100585678145,0.08423448354005814,0.0845379140228033,1,3,3,3,64,0.6726508140563965,0.716796875,NVIDIA RTX 5000 Ada Generation,
acbf,lazy,4096,4096,128,128,4,ok,256.0,256.0,0.026615265756845474,6.191013722554291e-05,0.02654524923612674,6.981445705659039e-05,0.6152913859114051,0.04843337467735338,0.24238494597375393,0.16934214066714048,0.0001984808289686807,0.1691137384623289,0.16947274189442396,1,3,3,3,64,1.2582645416259766,1.271484375,NVIDIA RTX 5000 Ada Generation,
acbf,lazy,512,511,256,256,4,ok,144.0,127.75,0.01509508490562439,4.664174753576539e-05,0.013444246103366217,2.391604638857998e-05,0.19040914500753084,0.02490993611265909,0.1551795732229948,0.09343818295747042,7.246120335843352e-05,0.09339340217411518,0.09352178312838078,1,3,3,3,64,1.5409317016601562,1.787109375,NVIDIA RTX 5000 Ada Generation,
acbf,lazy,1024,1024,256,256,4,ok,256.0,256.0,0.026626195137699444,3.2576761669547625e-05,0.026639213785529137,5.880001843963639e-05,0.5658935559913516,0.04134742488977806,0.25068653374910355,0.1863064126422008,3.286604765847493e-05,0.1862720912322402,0.1863375985994935,1,3,3,3,64,1.9159512519836426,2.162109375,NVIDIA RTX 5000 Ada Generation,
acbf,lazy,2048,2047,256,256,4,ok,625.0,511.75,0.06437813676893711,6.624683269684429e-05,0.05270590167492628,0.00019593864788952634,0.8287522581716379,0.0788459455378704,0.44089098647236824,0.37091445705542964,0.000149485706053866,0.37075409945100546,0.37104995362460613,1,3,3,3,64,2.665998935699463,2.802734375,NVIDIA RTX 5000 Ada Generation,
acbf,lazy,4096,4096,256,256,4,ok,1024.0,1024.0,0.10507552077372868,0.0001823692839234957,0.10517234541475773,0.00014600697284204074,2.8870156031722822,0.1499274379701024,0.8286049626767635,0.7439475472395619,4.5063647265014656e-05,0.7439094195142388,0.7439972776919603,1,3,3,3,64,5.008631706237793,5.0234375,NVIDIA RTX 5000 Ada Generation,
acbf,full,512,511,64,64,1,ok,9.0,7.984375,0.0010919955869515736,4.9306226266569126e-05,0.0009601066509882609,5.545337706132311e-06,0.011926857444147268,0.007577864001465703,0.07557452470064163,0.0014064212640126546,6.350328897363482e-05,0.0013684118166565895,0.001479731872677803,1,3,3,3,64,0.11029624938964844,0.138671875,NVIDIA RTX 5000 Ada Generation,
acbf,full,1024,1024,64,64,1,ok,16.0,16.0,0.0020483210682868958,3.8315278667283105e-05,0.0020151793335874877,2.4847798592584e-05,0.030888136476278305,0.009516028449140533,0.08261026069521904,0.0027122792477409043,9.837578322745866e-05,0.0026083756238222122,0.0028039906173944473,1,3,3,3,64,0.21115732192993164,0.240234375,NVIDIA RTX 5000 Ada Generation,
acbf,full,2048,2047,64,64,1,ok,39.0625,31.984375,0.004431142471730709,6.60339619899805e-05,0.0036789346486330032,2.1397175796301356e-05,0.04611273109912872,0.015973897043677115,0.09112877678126097,0.004983922466635704,0.00014099981967141556,0.0048805661499500275,0.005144545808434486,1,3,3,3,64,0.4142308235168457,0.466796875,NVIDIA RTX 5000 Ada Generation,
acbf,full,4096,4096,64,64,1,ok,64.0,64.0,0.006844427126149337,7.957631750539297e-05,0.006792903256913026,2.0811442891092596e-05,0.1521764025092125,0.016465712854199763,0.11566673777997494,0.009432653896510601,0.00024279421337946856,0.009196712635457516,0.009681764990091324,1,3,3,3,64,0.8207268714904785,0.880859375,NVIDIA RTX 5000 Ada Generation,
acbf,full,512,511,128,128,1,ok,36.0,31.9375,0.004087670706212521,1.3975518439162014e-05,0.003671631527443727,5.295548177465669e-06,0.04851911682635546,0.013377687056183191,0.07373140193521976,0.002298047145207723,2.0638808211496397e-05,0.0022835368290543556,0.0023216744884848595,1,3,3,3,64,0.41415977478027344,0.466796875,NVIDIA RTX 5000 Ada Generation,
acbf,full,1024,1024,128,128,1,ok,64.0,64.0,0.006807894445955753,4.757442580878014e-05,0.006772122035423915,1.7305454825792732e-05,0.1432059012974302,0.0180797068926872,0.08751909900456667,0.004430577779809634,1.838856690020871e-05,0.004409588873386383,0.004443854093551636,1,3,3,3,64,0.8206238746643066,0.873046875,NVIDIA RTX 5000 Ada Generation,
acbf,full,2048,2047,128,128,1,ok,156.25,127.9375,0.016068389018376667,9.031160158593135e-05,0.013186096834639708,3.852113293344972e-05,0.18506816433121762,0.023988083440932305,0.10103820264339447,0.008887917424241701,2.7961592106607816e-05,0.008855659514665604,0.008905238471925259,1,3,3,3,64,1.6330113410949707,1.685546875,NVIDIA RTX 5000 Ada Generation,
acbf,full,4096,4096,128,128,1,ok,256.0,256.0,0.026591616061826546,5.955938943295795e-05,0.026597451108197372,2.4655576617775693e-05,0.6340814918900529,0.045508471867662006,0.1320649590343237,0.017133744433522224,5.4360829203626255e-05,0.017093423753976822,0.01719556748867035,1,3,3,3,64,3.2583184242248535,3.310546875,NVIDIA RTX 5000 Ada Generation,
acbf,full,512,511,256,256,1,ok,144.0,127.75,0.015302595682442188,0.00022245568945904938,0.013494220251838366,3.573230470261731e-05,0.19254913864036402,0.025801303454981207,0.10420338343828917,0.013066310745974382,2.2022801298031268e-05,0.013040953315794468,0.013080649077892303,1,3,3,3,64,1.6334600448608398,1.833984375,NVIDIA RTX 5000 Ada Generation,
acbf,full,1024,1024,256,256,1,ok,256.0,256.0,0.02663134504109621,9.894804578683277e-05,0.02663218416273594,0.00011008032167143491,0.5634095429753264,0.04955426042394923,0.13538907375186682,0.026043435248235863,6.402035231727216e-05,0.02596958726644516,0.026083268225193024,1,3,3,3,64,3.258491039276123,3.458984375,NVIDIA RTX 5000 Ada Generation,
acbf,full,2048,2047,256,256,1,ok,625.0,511.75,0.06296168360859156,2.1972537064785662e-05,0.05154271672169367,1.8901416882625857e-05,0.8133215646569928,0.0791144354839716,0.20591129269450903,0.051770986368258796,4.402670194191926e-05,0.05173474457114935,0.05181998200714588,1,3,3,3,64,6.508561611175537,6.708984375,NVIDIA RTX 5000 Ada Generation,
acbf,full,4096,4096,256,256,1,ok,1024.0,1024.0,0.10310784944643576,0.00016294671886354415,0.10312716135134299,6.953182905387096e-05,2.8908644691109657,0.15365490470854443,0.341509229503572,0.10344974230974913,2.7663362736885724e-05,0.10342398658394814,0.10347898304462433,1,3,3,3,64,13.00868558883667,13.208984375,NVIDIA RTX 5000 Ada Generation,
acbf,full,512,511,64,64,2,ok,9.0,7.984375,0.0011233265201250713,4.3539981241660744e-05,0.0009758792196710905,9.345947572942142e-06,0.012239293195307255,0.00828076048608853,0.08027913887053728,0.0013902926196654637,3.81395271053829e-05,0.0013580182567238808,0.0014323797076940536,1,3,3,3,64,0.17181396484375,0.2421875,NVIDIA RTX 5000 Ada Generation,
acbf,full,1024,1024,64,64,2,ok,16.0,16.0,0.002033997947971026,2.683853075248137e-05,0.0020263014982144036,1.7957297915008246e-05,0.031044655789931614,0.010802752300627645,0.09168408904224634,0.002482616032163302,6.567085768700666e-05,0.0024277111515402794,0.002555364742875099,1,3,3,3,64,0.33617448806762695,0.4609375,NVIDIA RTX 5000 Ada Generation,
acbf,full,2048,2047,64,64,2,ok,39.0625,31.984375,0.004309616982936859,3.53157379318645e-05,0.0035833499083916345,2.442681438836321e-05,0.04750403203070164,0.015089561742914061,0.09765842650085688,0.004726895752052466,0.0001228608202298047,0.004620217718183994,0.0048612263053655624,1,3,3,3,64,0.6641411781311035,0.8828125,NVIDIA RTX 5000 Ada Generation,
acbf,full,4096,4096,64,64,2,ok,64.0,64.0,0.007187112234532833,2.8256494084820365e-05,0.006965561459461848,2.71593369341697e-05,0.15346800163388252,0.015696993339843916,0.13785644620656967,0.009819306433200836,0.000708611865181379,0.009364242665469646,0.01063575129956007,1,3,3,3,64,1.3207898139953613,1.7265625,NVIDIA RTX 5000 Ada Generation,
acbf,full,512,511,128,128,2,ok,36.0,31.9375,0.004083809132377307,3.374786559289086e-05,0.0036545240630706153,2.809965152647506e-05,0.04817148018628359,0.013168904291955318,0.07747883629053831,0.002964391683538755,1.6018407760438284e-05,0.0029540443792939186,0.0029828427359461784,1,3,3,3,64,0.6643524169921875,0.751953125,NVIDIA RTX 5000 Ada Generation,
acbf,full,1024,1024,128,128,2,ok,64.0,64.0,0.006807372594873111,1.4998604604392662e-05,0.0067838287601868314,2.0456966523274936e-05,0.13883353987087807,0.015059148999592403,0.09080025739967823,0.005763188314934571,1.0739725323398633e-05,0.005750830285251141,0.0057702623307704926,1,3,3,3,64,1.320641040802002,1.404296875,NVIDIA RTX 5000 Ada Generation,
acbf,full,2048,2047,128,128,2,ok,156.25,127.9375,0.016341786210735638,5.159281650112253e-05,0.01347414217889309,4.417257700186913e-05,0.18296089923630157,0.023898159994606833,0.1090486291795969,0.011470045583943525,2.8868919919603125e-05,0.011449499055743217,0.011503051966428757,1,3,3,3,64,2.6331048011779785,2.708984375,NVIDIA RTX 5000 Ada Generation,
acbf,full,4096,4096,128,128,2,ok,256.0,256.0,0.02705953425417344,0.00034906086784593096,0.026706373629470665,0.0001469810271885286,0.6341596239556869,0.04527410242777723,0.16388849169015884,0.023235859349370003,0.00052692235908763,0.022705331444740295,0.02375910058617592,1,3,3,3,64,5.258381366729736,5.337890625,NVIDIA RTX 5000 Ada Generation,
acbf,full,512,511,256,256,2,ok,144.0,127.75,0.014760525897145271,6.694303234923105e-05,0.013213814546664556,9.357515330900943e-05,0.18310103130837282,0.024776979623844234,0.1190689979121089,0.015358064944545427,1.3088162279011977e-05,0.015344828367233276,0.015370999462902546,1,3,3,3,64,2.630051612854004,2.927734375,NVIDIA RTX 5000 Ada Generation,
acbf,full,1024,1024,256,256,2,ok,256.0,256.0,0.026135288178920746,8.351674390039623e-05,0.026117388159036636,0.0001272257597737421,0.5540403140087923,0.042960796700493964,0.1680228989571333,0.030657369333008926,1.5389084278625668e-05,0.03063998557627201,0.030669251456856728,1,3,3,3,64,5.258508205413818,5.552734375,NVIDIA RTX 5000 Ada Generation,
acbf,full,2048,2047,256,256,2,ok,625.0,511.75,0.06279588118195534,0.00012960936408379513,0.0513941099246343,1.644907579570226e-05,0.8094365984822313,0.07565032755981986,0.2705119475722313,0.06098336912691593,3.796336961759933e-05,0.06094150710850954,0.06101556494832039,1,3,3,3,64,10.505176067352295,10.802734375,NVIDIA RTX 5000 Ada Generation,
acbf,full,4096,4096,256,256,2,ok,1024.0,1024.0,0.10301591735333204,0.00010101788711003181,0.1029664088661472,0.00030748918329037136,3.3397115133702755,0.16677166085709044,0.4754218952730298,0.12208383126805226,4.440820648610427e-05,0.12203904055058956,0.12212784681469202,1,3,3,3,64,21.008748531341553,21.302734375,NVIDIA RTX 5000 Ada Generation,
acbf,full,512,511,64,64,3,ok,9.0,7.984375,0.0011140539621313412,5.402314811090389e-05,0.0009828579301635425,1.185111567304294e-05,0.01157268105695645,0.009065778338851119,0.08287389297038317,0.0014181373020013173,1.2303073387411813e-05,0.0014108214527368546,0.0014323415234684944,1,3,3,3,64,0.25016260147094727,0.279296875,NVIDIA RTX 5000 Ada Generation,
acbf,full,1024,1024,64,64,3,ok,16.0,16.0,0.0020360928028821945,2.5269758965834043e-05,0.001995407355328401,2.0583420311248353e-05,0.029898246750235558,0.010598156885394117,0.09141844604164362,0.002765915667017301,1.811628542195023e-05,0.002750340849161148,0.002785797230899334,1,3,3,3,64,0.49244213104248047,0.529296875,NVIDIA RTX 5000 Ada Generation,
acbf,full,2048,2047,64,64,3,ok,39.0625,31.984375,0.004326181175808112,2.7963569251403386e-05,0.003612362779676914,3.682303753685142e-05,0.04629931350549062,0.015086316961242094,0.10839675460010767,0.0052169399956862135,6.41921360471505e-05,0.0051762135699391365,0.00529093760997057,1,3,3,3,64,0.9767656326293945,1.001953125,NVIDIA RTX 5000 Ada Generation,
acbf,full,4096,4096,64,64,3,ok,64.0,64.0,0.0069648924594124155,0.00014731501961847134,0.006967834507425626,8.548193055139918e-05,0.15130530639241138,0.015743387154923683,0.16125002689659595,0.010415230877697468,6.973383594776383e-05,0.010335036553442478,0.010461609810590744,1,3,3,3,64,1.9458532333374023,1.982421875,NVIDIA RTX 5000 Ada Generation,
acbf,full,512,511,128,128,3,ok,36.0,31.9375,0.004099288644889991,5.290537019377295e-05,0.0036580696081121764,6.239787183855497e-06,0.049053043127059937,0.013913250457649785,0.08060133643448353,0.003818917709092299,1.1858208194555988e-05,0.0038058003410696983,0.0038288775831460953,1,3,3,3,64,0.9768624305725098,1.083984375,NVIDIA RTX 5000 Ada Generation,
acbf,full,1024,1024,128,128,3,ok,64.0,64.0,0.006976102789243062,7.548674470867419e-05,0.006943942978978157,3.7388363937743245e-05,0.13808341107020775,0.015241857347397341,0.09932038746774197,0.007538747352858384,2.2003519316782552e-05,0.007515721954405308,0.007559562101960182,1,3,3,3,64,1.9456586837768555,2.048828125,NVIDIA RTX 5000 Ada Generation,
acbf,full,2048,2047,128,128,3,ok,156.25,127.9375,0.016062865344186623,5.20199049517581e-05,0.013196319341659546,7.451996928851814e-05,0.18473202176392078,0.023519571984878914,0.1271944222971797,0.014937252116700014,5.949032170553262e-05,0.014883638359606266,0.015001251362264156,1,3,3,3,64,3.8831377029418945,3.998046875,NVIDIA RTX 5000 Ada Generation,
acbf,full,4096,4096,128,128,3,ok,256.0,256.0,0.026767215381066006,0.00010290605216829019,0.02616799809038639,8.983079437786065e-05,0.6263576106478771,0.046545589126013504,0.1890822546556592,0.030284176891048748,0.0018067255651027234,0.029217961244285107,0.03237023204565048,1,3,3,3,64,7.758444786071777,7.876953125,NVIDIA RTX 5000 Ada Generation,
acbf,full,512,511,256,256,3,ok,144.0,127.75,0.015177426238854727,0.0001315413203541081,0.013594166375696659,0.00017447097219577845,0.18939144226411977,0.028706069441531663,0.13675314001739025,0.017911808875699837,1.2805896092617852e-05,0.017897448502480984,0.01792204286903143,1,3,3,3,64,3.879573345184326,4.283203125,NVIDIA RTX 5000 Ada Generation,
acbf,full,1024,1024,256,256,3,ok,256.0,256.0,0.02692707907408476,0.0003323101497347104,0.026702410851915676,0.0001727543636342839,0.5668982344989976,0.044976091292942985,0.20931106805801392,0.03577230808635553,7.408545362183657e-06,0.035767676308751106,0.035780852660536766,1,3,3,3,64,7.758525848388672,8.162109375,NVIDIA RTX 5000 Ada Generation,
acbf,full,2048,2047,256,256,3,ok,625.0,511.75,0.06301839090883732,6.627967169646373e-05,0.051738034623364605,3.6558500865378514e-05,0.827987685178717,0.06771356021261168,0.3524175900965929,0.0712802829220891,3.359472929480184e-05,0.07124541234225035,0.0713124368339777,1,3,3,3,64,15.504720687866211,15.908203125,NVIDIA RTX 5000 Ada Generation,
acbf,full,4096,4096,256,256,3,oom,1024.0,1024.0,0.10527887847274542,0.00014615287858046669,0.10518723788360755,0.0001108961043560593,3.2979771619041762,0.12898186893550867,,,,,,1,3,3,3,64,29.00878143310547,29.021484375,NVIDIA RTX 5000 Ada Generation,"CUDA out of memory. Tried to allocate 2.00 GiB. GPU 0 has a total capacity of 31.47 GiB of which 352.69 MiB is free. Process 3445182 has 1.33 GiB memory in use. Including non-PyTorch memory, this process has 29.39 GiB memory in use. Of the allocated memory 29.01 GiB is allocated by PyTorch, and 13.01 MiB is reserved by PyTorch but unallocated. If reserved but unallocated memory is large try setting PYTORCH_CUDA_ALLOC_CONF=expandable_segments:True to avoid fragmentation.  See documentation for Me"
acbf,full,512,511,64,64,4,ok,9.0,7.984375,0.0011039767414331436,4.73603335281725e-05,0.0009897736211617787,3.1460404824624113e-05,0.012337433484693369,0.008200992403965216,0.08453680295497179,0.0016354552159706752,1.755085734786666e-05,0.0016165375709533691,0.0016512088477611542,1,3,3,3,64,0.34392690658569336,0.380859375,NVIDIA RTX 5000 Ada Generation,
acbf,full,1024,1024,64,64,4,ok,16.0,16.0,0.0020139518504341445,1.9518110425523985e-05,0.00198676281919082,1.4440022101199394e-05,0.028668724621335667,0.010111357521438906,0.09450165461748838,0.0030499439065655074,1.2880180578312617e-05,0.0030401162803173065,0.0030645253136754036,1,3,3,3,64,0.6799678802490234,0.724609375,NVIDIA RTX 5000 Ada Generation,
acbf,full,2048,2047,64,64,4,ok,39.0625,31.984375,0.004423891504605611,3.1987453234635814e-05,0.0036713210865855217,2.8117194981384613e-05,0.044641202626128994,0.015593425881656074,0.12024174351245165,0.005982133559882641,1.0564773045567928e-05,0.0059699611738324165,0.005988919176161289,1,3,3,3,64,1.3519363403320312,1.396484375,NVIDIA RTX 5000 Ada Generation,
acbf,full,4096,4096,64,64,4,ok,64.0,64.0,0.007165919989347458,3.9582728970772514e-05,0.007020764363308747,0.00013394298766616122,0.15214521313707033,0.015771008789700922,0.18576184287667274,0.011987827718257904,0.0001176674101646886,0.011853780597448349,0.012074064463376999,1,3,3,3,64,2.6959476470947266,2.740234375,NVIDIA RTX 5000 Ada Generation,
acbf,full,512,511,128,128,4,ok,36.0,31.9375,0.004082751460373402,1.1972662156345047e-05,0.0036538690328598022,2.497762174195602e-05,0.04910199002673229,0.013090098498979328,0.08432814013212919,0.004730488173663616,2.764059077080766e-05,0.004705923609435558,0.004760418087244034,1,3,3,3,64,1.3498587608337402,1.498046875,NVIDIA RTX 5000 Ada Generation,
acbf,full,1024,1024,128,128,4,ok,64.0,64.0,0.006805210684736569,2.2679540037040322e-05,0.006821377823750178,1.553238057256341e-05,0.1372687959422668,0.01450348787850143,0.10869723651558161,0.00936979396889607,3.306157132960634e-05,0.009336504153907299,0.00940262246876955,1,3,3,3,64,2.6956844329833984,2.837890625,NVIDIA RTX 5000 Ada Generation,
acbf,full,2048,2047,128,128,4,ok,156.25,127.9375,0.01604983365784089,6.829427591372109e-05,0.0131693414101998,6.727681971397977e-05,0.18532836623489857,0.024050997002025076,0.1475882576778531,0.018628709639112156,5.427464669795675e-05,0.018581600859761238,0.01868805941194296,1,3,3,3,64,5.380989074707031,5.517578125,NVIDIA RTX 5000 Ada Generation,
acbf,full,4096,4096,128,128,4,ok,256.0,256.0,0.026392742060124874,0.00047350867337743864,0.026163323161502678,0.00010986368620450654,0.6302862151836356,0.04085393415277852,0.2266497239470482,0.03672299503038327,1.886418955211636e-05,0.03670879919081926,0.03674440085887909,1,3,3,3,64,10.758539199829102,10.896484375,NVIDIA RTX 5000 Ada Generation,
acbf,full,512,511,256,256,4,ok,144.0,127.75,0.015143940846125284,0.00010136651743886581,0.013417729176580906,3.976585906192396e-05,0.19206154843171439,0.02504773263057437,0.15914344787597656,0.021343014823893707,3.5013459649121965e-05,0.021322455257177353,0.021383442915976048,1,3,3,3,64,5.376162052154541,5.904296875,NVIDIA RTX 5000 Ada Generation,
acbf,full,1024,1024,256,256,4,ok,256.0,256.0,0.0266796729216973,3.788723631519211e-05,0.026611297391355038,7.781118104489966e-05,0.5674306709940234,0.04380857371237347,0.25412802398204803,0.042815646467109524,0.00010798592451468457,0.04273125436156988,0.042937337420880795,1,3,3,3,64,10.758551597595215,11.287109375,NVIDIA RTX 5000 Ada Generation,
acbf,full,2048,2047,256,256,4,ok,625.0,511.75,0.06307324146231015,7.610652224452156e-05,0.05179105264445146,0.00021619607066424904,0.8060755009452502,0.08391926769974639,0.4433705862611532,0.08512342938532431,3.3170005662604814e-05,0.08509509358555079,0.0851599145680666,1,3,3,3,64,21.500863075256348,22.03125,NVIDIA RTX 5000 Ada Generation,
acbf,full,4096,4096,256,256,4,oom,1024.0,1024.0,0.1028759175290664,0.00010885231578963565,0.10288870055228472,0.0002786123550547253,3.1989212703580656,0.13914675464526277,,,,,,1,3,3,3,64,29.149946689605713,29.162109375,NVIDIA RTX 5000 Ada Generation,"CUDA out of memory. Tried to allocate 288.00 MiB. GPU 0 has a total capacity of 31.47 GiB of which 224.69 MiB is free. Process 3445182 has 1.33 GiB memory in use. Including non-PyTorch memory, this process has 29.51 GiB memory in use. Of the allocated memory 29.13 GiB is allocated by PyTorch, and 12.45 MiB is reserved by PyTorch but unallocated. If reserved but unallocated memory is large try setting PYTORCH_CUDA_ALLOC_CONF=expandable_segments:True to avoid fragmentation.  See documentation for "
tcbf,lazy,512,511,64,64,1,ok,9.0,7.984375,0.0011148514846960704,4.768915121778213e-05,0.0009733891735474268,5.729919459275175e-06,0.011909660883247852,0.0073625065062145915,0.057082921266555786,0.0007235705852508545,1.5582308956545732e-05,0.0007064724341034889,0.0007369723170995712,1,3,3,3,64,0.04704856872558594,0.0546875,NVIDIA RTX 5000 Ada Generation,
tcbf,lazy,1024,1024,64,64,1,ok,16.0,16.0,0.0019984540219108262,1.1167650360230988e-05,0.0019758523752292,1.5257535566257792e-05,0.030212124188741047,0.010818239429669823,0.05303849186748266,0.0013548365483681362,1.9478171504321103e-05,0.0013389922678470612,0.0013765832409262657,1,3,3,3,64,0.08615732192993164,0.1015625,NVIDIA RTX 5000 Ada Generation,
tcbf,lazy,2048,2047,64,64,1,ok,39.0625,31.984375,0.004357906989753246,7.96580830358535e-05,0.0036016429464022317,3.3189610242643666e-05,0.045822382904589176,0.014943042724299917,0.05388052295893431,0.002894920917848746,4.436099134977348e-05,0.002845168113708496,0.002930351532995701,1,3,3,3,64,0.1643528938293457,0.1796875,NVIDIA RTX 5000 Ada Generation,
tcbf,lazy,4096,4096,64,64,1,ok,64.0,64.0,0.006801075612505277,1.5721388346180874e-05,0.00681950772802035,5.85704549207605e-05,0.14864343963563442,0.015270794630266206,0.07426697947084904,0.005982148150602977,0.0018165366671186514,0.004900260828435421,0.008079351857304573,1,3,3,3,64,0.3207268714904785,0.3359375,NVIDIA RTX 5000 Ada Generation,
tcbf,lazy,512,511,128,128,1,ok,36.0,31.9375,0.00400147307664156,5.360101434345415e-05,0.0035639877120653787,1.0707406945738437e-05,0.0475009111687541,0.01341039607581703,0.051460644230246544,0.0007311717296640078,1.0832524195879104e-05,0.0007209936156868935,0.0007425574585795403,1,3,3,3,64,0.16434288024902344,0.177734375,NVIDIA RTX 5000 Ada Generation,
tcbf,lazy,1024,1024,128,128,1,ok,64.0,64.0,0.006833403992156188,1.9470033294224645e-05,0.006790042854845524,2.2749487026418057e-05,0.1382845640182495,0.014904378813210203,0.05629953742027283,0.0013640789935986202,8.07147274891625e-06,0.0013583693653345108,0.0013733133673667908,1,3,3,3,64,0.32062387466430664,0.333984375,NVIDIA RTX 5000 Ada Generation,
tcbf,lazy,2048,2047,128,128,1,ok,156.25,127.9375,0.01605292409658432,4.5451736871859716e-05,0.013194211758673191,1.8663785816132096e-05,0.18348415413250527,0.024494283453984602,0.064030054025352,0.002622812365492185,3.8032366537821766e-05,0.0025958986952900887,0.0026663225144147873,1,3,3,3,64,0.6331944465637207,0.646484375,NVIDIA RTX 5000 Ada Generation,
tcbf,lazy,4096,4096,128,128,1,ok,256.0,256.0,0.026583681503931682,7.50573483052664e-05,0.026594203586379688,9.960822326518131e-05,0.6363629077871641,0.048790852854583566,0.07448456156998873,0.005444088950753212,0.0003846859268099743,0.00501639861613512,0.005761828273534775,1,3,3,3,64,1.2583184242248535,1.271484375,NVIDIA RTX 5000 Ada Generation,
tcbf,lazy,512,511,256,256,1,ok,144.0,127.75,0.015070839474598566,8.008217436930926e-05,0.013458310005565485,5.790798176249473e-05,0.1907410134250919,0.024173045022597425,0.06025597732514143,0.0034555820748209953,5.835117886076288e-06,0.003449472598731518,0.003461097367107868,1,3,3,3,64,0.6334600448608398,0.646484375,NVIDIA RTX 5000 Ada Generation,
tcbf,lazy,1024,1024,256,256,1,ok,256.0,256.0,0.026599169708788395,2.0893646658998147e-05,0.026475923135876656,0.0001922934268957119,0.5550906940673789,0.041790275702311475,0.0657163392752409,0.00684654526412487,9.047553204481811e-06,0.006838591769337654,0.006856388412415981,1,3,3,3,64,1.258491039276123,1.271484375,NVIDIA RTX 5000 Ada Generation,
tcbf,lazy,2048,2047,256,256,1,ok,625.0,511.75,0.06429866546144088,7.660128032598028e-05,0.05278088618069887,0.0002737713159047476,0.8308129378904899,0.08294841053036517,0.08360217418521643,0.013551733456552029,1.266945184835365e-05,0.013537110760807991,0.013559428974986076,1,3,3,3,64,2.508561611175537,2.521484375,NVIDIA RTX 5000 Ada Generation,
tcbf,lazy,4096,4096,256,256,1,ok,1024.0,1024.0,0.10298668593168259,5.14421850744412e-05,0.10314612556248903,0.0002430353677515842,3.728970767619709,0.1424593135612716,0.11512906569987535,0.027005352700750034,9.994188456645639e-06,0.026993881911039352,0.02701218333095312,1,3,3,3,64,5.00868558883667,5.021484375,NVIDIA RTX 5000 Ada Generation,
tcbf,lazy,512,511,64,64,2,ok,9.0,7.984375,0.0010980137934287388,5.08693670251385e-05,0.0009566374743978182,3.4015384205622096e-06,0.01236567304780086,0.008452497949488923,0.05744174029678106,0.0007166427870591482,1.0630613147884951e-05,0.000704912468791008,0.0007256399840116501,1,3,3,3,64,0.04706573486328125,0.0546875,NVIDIA RTX 5000 Ada Generation,
tcbf,lazy,1024,1024,64,64,2,ok,16.0,16.0,0.0020480286329984665,2.4750380459331684e-05,0.0020260559394955635,1.0128117498298272e-05,0.029770342633128166,0.010039534252549802,0.05723935458809137,0.0013704805945356686,3.4656058813934905e-05,0.0013485318049788475,0.00141043309122324,1,3,3,3,64,0.08618974685668945,0.1015625,NVIDIA RTX 5000 Ada Generation,
tcbf,lazy,2048,2047,64,64,2,ok,39.0625,31.984375,0.0043034131328264875,2.9310335291388982e-05,0.0035826979825894036,8.099961258610557e-06,0.04590565524995327,0.015109106809353018,0.061041396111249924,0.002664930187165737,4.31085688414299e-05,0.0026358989998698235,0.002714463509619236,1,3,3,3,64,0.16441583633422852,0.1796875,NVIDIA RTX 5000 Ada Generation,
tcbf,lazy,4096,4096,64,64,2,ok,64.0,64.0,0.0068207960575819016,2.4968820110898292e-05,0.006761474534869194,2.180322060151038e-05,0.14810000049571195,0.0166864869136582,0.08325861673802137,0.0051658075923721,4.0765742728429825e-05,0.005119149573147297,0.005194532684981823,1,3,3,3,64,0.32085084915161133,0.3359375,NVIDIA RTX 5000 Ada Generation,
tcbf,lazy,512,511,128,128,2,ok,36.0,31.9375,0.0040978410591681795,3.4137396558206786e-05,0.0036906221260627112,2.3226095037938417e-05,0.04814156952003638,0.016198982402550098,0.05273462925106287,0.00077070202678442,1.5216675200363563e-05,0.0007588788866996765,0.0007878700271248817,1,3,3,3,64,0.16436004638671875,0.177734375,NVIDIA RTX 5000 Ada Generation,
tcbf,lazy,1024,1024,128,128,2,ok,64.0,64.0,0.0068354929486910505,4.046804201294926e-05,0.00680353802939256,5.7210312924088505e-06,0.13824701930085817,0.01591531894681422,0.06119239516556263,0.0013645598664879799,3.7436275144712134e-05,0.00134172011166811,0.001407763920724392,1,3,3,3,64,0.32065629959106445,0.333984375,NVIDIA RTX 5000 Ada Generation,
tcbf,lazy,2048,2047,128,128,2,ok,156.25,127.9375,0.016363173412779968,4.804946753255351e-05,0.013450359925627708,3.3601416391987444e-05,0.1829850059002638,0.025363755414312298,0.06853372137993574,0.0026338910683989525,1.9469025305231078e-05,0.0026161866262555122,0.002654741518199444,1,3,3,3,64,0.6332573890686035,0.646484375,NVIDIA RTX 5000 Ada Generation,
tcbf,lazy,4096,4096,128,128,2,ok,256.0,256.0,0.02663535096993049,0.00011692032196508999,0.02662674306581418,2.8619659539630936e-05,0.6358821870138248,0.04782561825122162,0.08765753544867039,0.005046052858233452,4.879781053851383e-05,0.005009954795241356,0.00510157085955143,1,3,3,3,64,1.2584424018859863,1.271484375,NVIDIA RTX 5000 Ada Generation,
tcbf,lazy,512,511,256,256,2,ok,144.0,127.75,0.015121495040754477,7.843224706059918e-05,0.013396236424644789,3.8498768283033875e-05,0.18987102465083203,0.02571532719617742,0.06076115742325783,0.0034612646947304406,7.446669490156592e-06,0.0034529399126768112,0.0034672915935516357,1,3,3,3,64,0.6334772109985352,0.646484375,NVIDIA RTX 5000 Ada Generation,
tcbf,lazy,1024,1024,256,256,2,ok,256.0,256.0,0.026583528456588585,4.9139822568847704e-05,0.02660527266561985,2.559845702777526e-05,0.5613594502210617,0.050111296868552604,0.06915898527950048,0.0068674419696132345,1.6056955826654384e-05,0.006851701997220516,0.0068837981671094894,1,3,3,3,64,1.2585234642028809,1.271484375,NVIDIA RTX 5000 Ada Generation,
tcbf,lazy,2048,2047,256,256,2,ok,625.0,511.75,0.0642613082503279,4.072272483254441e-05,0.05272918256620566,6.207609115067707e-05,0.8250251918410262,0.07856847043837037,0.0893684383481741,0.013566825849314531,2.444498524048348e-05,0.01354792807251215,0.013594432733952999,1,3,3,3,64,2.50862455368042,2.521484375,NVIDIA RTX 5000 Ada Generation,
tcbf,lazy,4096,4096,256,256,2,ok,1024.0,1024.0,0.10497693065553904,0.00018209471389509592,0.10501453559845686,0.0001441690167024358,3.0356101148451367,0.15205647376452225,0.12922241259366274,0.027014154319961865,1.9042903545556617e-05,0.026993457227945328,0.027030933648347855,1,3,3,3,64,5.008809566497803,5.021484375,NVIDIA RTX 5000 Ada Generation,
tcbf,lazy,512,511,64,64,3,ok,9.0,7.984375,0.0010947957634925842,5.5290765669048306e-05,0.0009594835961858431,2.2459648933172138e-05,0.012190076522529125,0.00843634210499064,0.06068115308880806,0.0007089590653777122,1.3655883128929044e-05,0.0007003555074334145,0.0007247049361467361,1,3,3,3,64,0.047083377838134766,0.0546875,NVIDIA RTX 5000 Ada Generation,
tcbf,lazy,1024,1024,64,64,3,ok,16.0,16.0,0.001994713209569454,3.177288557740109e-05,0.0020096472774942717,9.312018409965792e-06,0.028962286189198494,0.010105918938794645,0.059387181885540485,0.00128963403403759,1.2335877696090003e-05,0.0012787571176886559,0.001303037628531456,1,3,3,3,64,0.08622264862060547,0.1015625,NVIDIA RTX 5000 Ada Generation,
tcbf,lazy,2048,2047,64,64,3,ok,39.0625,31.984375,0.0043132298936446505,2.371352563696522e-05,0.003581118459502856,1.3693461163684904e-05,0.04552246599147717,0.014494693140194234,0.0708043621852994,0.00261777825653553,3.1912043133936434e-05,0.002590279094874859,0.002652769908308983,1,3,3,3,64,0.16447925567626953,0.1796875,NVIDIA RTX 5000 Ada Generation,
tcbf,lazy,4096,4096,64,64,3,ok,64.0,64.0,0.0069997723524769144,3.092708521904003e-05,0.006925772875547409,3.812935694023679e-05,0.1527730394154787,0.014890569204840021,0.10327452141791582,0.0047413501888513565,6.126743873794588e-05,0.004704874008893967,0.004812084138393402,1,3,3,3,64,0.32097530364990234,0.3359375,NVIDIA RTX 5000 Ada Generation,
tcbf,lazy,512,511,128,128,3,ok,36.0,31.9375,0.0041003286217649775,4.4250884530767145e-05,0.0036658920968572297,2.5749691203642767e-05,0.04813611414283514,0.012693993364160942,0.05171846318989992,0.0007860666761795679,2.487755292794929e-06,0.0007839296013116837,0.0007887976244091988,1,3,3,3,64,0.16437768936157227,0.177734375,NVIDIA RTX 5000 Ada Generation,
tcbf,lazy,1024,1024,128,128,3,ok,64.0,64.0,0.006841961604853471,5.4255211048356554e-05,0.006793668183187644,8.143897180218042e-05,0.13903035533924898,0.01460132856360942,0.06511026155203581,0.0014050910249352455,2.624154033551574e-05,0.0013783089816570282,0.0014307564124464989,1,3,3,3,64,0.32068920135498047,0.333984375,NVIDIA RTX 5000 Ada Generation,
tcbf,lazy,2048,2047,128,128,3,ok,156.25,127.9375,0.016008310951292515,9.50551914417608e-05,0.013134284565846125,4.633755751119105e-05,0.18363301052401462,0.023542521026216477,0.07695440948009491,0.0026636713494857154,7.36696845739887e-05,0.0025996267795562744,0.0027441801503300667,1,3,3,3,64,0.6333208084106445,0.646484375,NVIDIA RTX 5000 Ada Generation,
tcbf,lazy,4096,4096,128,128,3,ok,256.0,256.0,0.026106276238958042,6.76871680278061e-05,0.02609204687178135,4.649813893708554e-05,0.6006465662891666,0.04218365358068445,0.10386376082897186,0.005043185005585353,1.5513306188627924e-05,0.005026732571423054,0.005057547241449356,1,3,3,3,64,1.2585668563842773,1.271484375,NVIDIA RTX 5000 Ada Generation,
tcbf,lazy,512,511,256,256,3,ok,144.0,127.75,0.015115796277920404,8.022292206212966e-05,0.013422129986186823,9.66344145133964e-05,0.18987694724152485,0.025614973377480192,0.06413823273032904,0.0034810161838928857,1.0518813669581478e-05,0.003469899296760559,0.0034908121451735497,1,3,3,3,64,0.6334948539733887,0.646484375,NVIDIA RTX 5000 Ada Generation,
tcbf,lazy,1024,1024,256,256,3,ok,256.0,256.0,0.026600935496389866,8.08199717516699e-05,0.02656090973565976,4.3593614704987176e-05,0.561240610666573,0.051990281260399826,0.07469042483717203,0.006864578152696292,3.277769845583197e-05,0.006845412775874138,0.006902425549924374,1,3,3,3,64,1.2585563659667969,1.271484375,NVIDIA RTX 5000 Ada Generation,
tcbf,lazy,2048,2047,256,256,3,ok,625.0,511.75,0.0639631465698282,0.00015491761817391412,0.05252845399081707,4.4340294801634167e-05,0.8091708331679305,0.08536232686196364,0.09891657251864672,0.01355812760690848,2.2778778362142048e-05,0.013533501885831356,0.013578443787992,1,3,3,3,64,2.508687973022461,2.521484375,NVIDIA RTX 5000 Ada Generation,
tcbf,lazy,4096,4096,256,256,3,ok,1024.0,1024.0,0.10492849660416444,9.917740600790122e-05,0.10499764668444793,0.0002038276826372477,3.011439006154736,0.1481835958796734,0.14724001847207546,0.026644201017916203,2.2561472289145485e-05,0.026627790182828903,0.026669928804039955,1,3,3,3,64,5.008934020996094,5.0234375,NVIDIA RTX 5000 Ada Generation,
tcbf,lazy,512,511,64,64,4,ok,9.0,7.984375,0.0011253782237569492,3.887716425102052e-05,0.0009783015896876652,6.583005137497518e-06,0.012352609696487585,0.00842737120153658,0.061927380971610546,0.0007631548990805944,1.588208722953489e-05,0.0007449127733707428,0.0007739067077636719,1,3,3,3,64,0.047109127044677734,0.0546875,NVIDIA RTX 5000 Ada Generation,
tcbf,lazy,1024,1024,64,64,4,ok,16.0,16.0,0.002006630723675092,2.718148362984228e-05,0.001982014315823714,1.854836700379204e-05,0.029201657821734745,0.00933930442740507,0.06764198374003172,0.0014087436720728874,1.5204140163331566e-05,0.001394948922097683,0.0014250455424189568,1,3,3,3,64,0.08627128601074219,0.1015625,NVIDIA RTX 5000 Ada Generation,
tcbf,lazy,2048,2047,64,64,4,ok,39.0625,31.984375,0.004394625003139178,1.761199411487363e-05,0.0036571923022468886,9.171288902819339e-06,0.047150603495538235,0.014716445232605046,0.08177428506314754,0.0026013273745775223,9.527246448704933e-06,0.002595348283648491,0.002612314186990261,1,3,3,3,64,0.16457366943359375,0.1796875,NVIDIA RTX 5000 Ada Generation,
tcbf,lazy,4096,4096,64,64,4,ok,64.0,64.0,0.007057946175336838,9.635619863532173e-05,0.0070347680399815244,9.171715332799432e-05,0.15488210630913576,0.01692639752154138,0.12370537128299475,0.0053024981170892715,4.1420110930683245e-05,0.005271695554256439,0.00534958578646183,1,3,3,3,64,0.32116127014160156,0.3359375,NVIDIA RTX 5000 Ada Generation,
tcbf,lazy,512,511,128,128,4,ok,36.0,31.9375,0.004072515293955803,2.4519261150483163e-05,0.003674971250196298,3.557825575457322e-05,0.048611409651736416,0.012904581696534644,0.05378245189785957,0.0007854625582695007,1.823438017158606e-05,0.0007686633616685867,0.0008048545569181442,1,3,3,3,64,0.16440343856811523,0.177734375,NVIDIA RTX 5000 Ada Generation,
tcbf,lazy,1024,1024,128,128,4,ok,64.0,64.0,0.006786616829534371,2.416311558315574e-05,0.006812032933036487,2.326952945674429e-05,0.1389367881541451,0.014823733035898966,0.06990388501435518,0.0013895053416490555,3.411504955414094e-05,0.0013632839545607567,0.001428075134754181,1,3,3,3,64,0.3207378387451172,0.333984375,NVIDIA RTX 5000 Ada Generation,
tcbf,lazy,2048,2047,128,128,4,ok,156.25,127.9375,0.01640127319842577,9.557121184277144e-05,0.013543296294907728,8.307856533714844e-05,0.1858407510444522,0.025671535201784463,0.08816813211888075,0.002757114047805468,0.00018170329057237784,0.0025802934542298317,0.0029433351010084152,1,3,3,3,64,0.6334152221679688,0.646484375,NVIDIA RTX 5000 Ada Generation,
tcbf,lazy,4096,4096,128,128,4,ok,256.0,256.0,0.02681332640349865,0.0003956516733313394,0.02716983885814746,0.0004342876914850725,0.6393316226700941,0.044199143445863294,0.12374089565128088,0.005463925811151664,0.00038657683777867154,0.00505644828081131,0.00582550372928381,1,3,3,3,64,1.2587528228759766,1.271484375,NVIDIA RTX 5000 Ada Generation,
tcbf,lazy,512,511,256,256,4,ok,144.0,127.75,0.014809228790303072,2.853183880256654e-05,0.013197354351480802,4.1659776930166885e-05,0.1837633065879345,0.023832891563059896,0.06243874039500952,0.0035037752240896225,2.26934355849407e-05,0.0034807557240128517,0.0035261278972029686,1,3,3,3,64,0.6335206031799316,0.646484375,NVIDIA RTX 5000 Ada Generation,
tcbf,lazy,1024,1024,256,256,4,ok,256.0,256.0,0.026082473807036877,8.021602517015576e-05,0.027228266621629398,0.0006819943868470528,0.566674101476868,0.04875610129781349,0.08085845690220594,0.006873055982093017,2.366541839082263e-05,0.006855444051325321,0.006899956613779068,1,3,3,3,64,1.2586050033569336,1.271484375,NVIDIA RTX 5000 Ada Generation,
tcbf,lazy,2048,2047,256,256,4,ok,625.0,511.75,0.06294116657227278,0.00021131275694822994,0.05148886423557997,0.0001673863376597692,0.8147539493317405,0.06924530828610011,0.10802543628960848,0.013582791822652021,1.529144977004111e-05,0.013567989692091942,0.013598529621958733,1,3,3,3,64,2.508782386779785,2.521484375,NVIDIA RTX 5000 Ada Generation,
tcbf,lazy,4096,4096,256,256,4,ok,1024.0,1024.0,0.1027729914834102,0.0002574470228212064,0.10280898058166106,4.093000993037199e-05,2.9945339799548187,0.1520998706986819,0.16325002163648605,0.026654673429826897,7.037203624838489e-05,0.0266062431037426,0.02673539612442255,1,3,3,3,64,5.009119987487793,5.0234375,NVIDIA RTX 5000 Ada Generation,
tcbf,full,512,511,64,64,1,ok,9.0,7.984375,0.0010804034148653348,4.863981259875138e-05,0.0009481236338615417,8.832606881950138e-06,0.011761639267206192,0.007714764688137131,0.0565095953643322,0.0007328006128470103,1.8457209678436356e-05,0.0007200473919510841,0.0007539652287960052,1,3,3,3,64,0.04704856872558594,0.0546875,NVIDIA RTX 5000 Ada Generation,
tcbf,full,1024,1024,64,64,1,ok,16.0,16.0,0.002055312196413676,5.290973984315335e-05,0.002042242946724097,2.4260674587980445e-05,0.03068406165887912,0.010250454308789882,0.05619153846055269,0.0012968614076574643,2.0965762161596987e-05,0.001275140792131424,0.0013169804587960243,1,3,3,3,64,0.08615732192993164,0.1015625,NVIDIA RTX 5000 Ada Generation,
tcbf,full,2048,2047,64,64,1,ok,39.0625,31.984375,0.004442615124086539,3.4022632216025585e-05,0.0037507240970929465,9.065771215703778e-05,0.04717893867443005,0.014074647956064727,0.05550867225974798,0.0024454152832428613,8.934250432462903e-06,0.0024398677051067352,0.0024557216092944145,1,3,3,3,64,0.1643528938293457,0.1796875,NVIDIA RTX 5000 Ada Generation,
tcbf,full,4096,4096,64,64,1,ok,64.0,64.0,0.006886540291210015,8.441138480027152e-05,0.006847238789002101,8.00872114388015e-05,0.1508064465597272,0.014516292965602202,0.07286832854151726,0.004774676325420539,0.00013579869322867546,0.004621272906661034,0.0048795174807310104,1,3,3,3,64,0.3207268714904785,0.3359375,NVIDIA RTX 5000 Ada Generation,
tcbf,full,512,511,128,128,1,ok,36.0,31.9375,0.0041147082423170405,4.930248024560083e-05,0.0036642722164591155,1.8975469855662705e-05,0.04884518155207237,0.013568936670937426,0.046969303861260414,0.0007688545932372411,3.463645591083264e-05,0.0007423805072903633,0.0008080536499619484,1,3,3,3,64,0.16434288024902344,0.177734375,NVIDIA RTX 5000 Ada Generation,
tcbf,full,1024,1024,128,128,1,ok,64.0,64.0,0.006833549278477828,5.16306352417132e-05,0.006882450543344021,0.00010801713037802647,0.13783364711950222,0.01494053949705067,0.057296949438750744,0.0013858148207267125,3.6130437755829234e-05,0.0013568475842475891,0.0014263000339269638,1,3,3,3,64,0.32062387466430664,0.333984375,NVIDIA RTX 5000 Ada Generation,
tcbf,full,2048,2047,128,128,1,ok,156.25,127.9375,0.016339057435592014,7.058611062207407e-05,0.013452429013947645,5.6851003589400134e-05,0.18522429869820675,0.026472656578058605,0.06117446720600128,0.0026137946794430413,3.3315605027150255e-06,0.0026099486276507378,0.002615789882838726,1,3,3,3,64,0.6331944465637207,0.646484375,NVIDIA RTX 5000 Ada Generation,
tcbf,full,4096,4096,128,128,1,ok,256.0,256.0,0.026554135295252006,0.00010346430234666089,0.026630208517114323,9.973525247728697e-06,0.6306874336053928,0.04425978298661955,0.07479423936456442,0.005100161458055179,6.281796932048138e-05,0.005027974024415016,0.00514240562915802,1,3,3,3,64,1.2583184242248535,1.271484375,NVIDIA RTX 5000 Ada Generation,
tcbf,full,512,511,256,256,1,ok,144.0,127.75,0.01483849777529637,0.0001212853858377394,0.013209846491614977,0.00010873840720415928,0.18753890258570513,0.020908152356151552,0.0587123166769743,0.0034808488562703133,7.448221357936796e-06,0.003473132848739624,0.003487996757030487,1,3,3,3,64,0.6334600448608398,0.646484375,NVIDIA RTX 5000 Ada Generation,
tcbf,full,1024,1024,256,256,1,ok,256.0,256.0,0.02664683386683464,0.00019865841443524388,0.026588720579942066,0.00013368431805799036,0.5602649499972662,0.05113968431910423,0.06570580136030912,0.006849687856932481,2.085306783342495e-05,0.006827185861766338,0.006868361495435238,1,3,3,3,64,1.258491039276123,1.271484375,NVIDIA RTX 5000 Ada Generation,
tcbf,full,2048,2047,256,256,1,ok,625.0,511.75,0.06292505748569965,0.00016880656515524004,0.051545631450911365,0.0001638346346471687,0.808089725052317,0.07887961828141106,0.08295263070613146,0.013558443014820417,1.115695405611975e-05,0.013549968600273132,0.013571083545684814,1,3,3,3,64,2.508561611175537,2.521484375,NVIDIA RTX 5000 Ada Generation,
tcbf,full,4096,4096,256,256,1,ok,1024.0,1024.0,0.10312462629129489,0.00012012433887704175,0.10281348942468564,0.00025735478612226315,2.9332254445180297,0.1463405913754112,0.11705124843865633,0.02705643294999997,8.475892010247161e-05,0.027004031464457512,0.027154220268130302,1,3,3,3,64,5.00868558883667,5.021484375,NVIDIA RTX 5000 Ada Generation,
tcbf,full,512,511,64,64,2,ok,9.0,7.984375,0.0010911502564946811,4.683307238295334e-05,0.0009482977911829948,4.653064765575725e-06,0.012175721737245718,0.008179518170951739,0.055062164552509785,0.0007163736348350843,8.928423274981678e-06,0.0007091378793120384,0.0007263515144586563,1,3,3,3,64,0.04706573486328125,0.0546875,NVIDIA RTX 5000 Ada Generation,
tcbf,full,1024,1024,64,64,2,ok,16.0,16.0,0.0020460989326238632,3.326149471768374e-05,0.0020453094815214476,1.4840305099782798e-05,0.03314857122798761,0.010880047714857363,0.060670715756714344,0.0013029513259728749,5.182943102101803e-05,0.0012638689950108528,0.0013617444783449173,1,3,3,3,64,0.08618974685668945,0.1015625,NVIDIA RTX 5000 Ada Generation,
tcbf,full,2048,2047,64,64,2,ok,39.0625,31.984375,0.004306956504782041,2.5422924584481013e-05,0.003573204390704632,2.2049600560692917e-05,0.04624901060014963,0.01449103505671096,0.060094017535448074,0.0025382287179430327,3.125903612397264e-05,0.0025047138333320618,0.0025665918365120888,1,3,3,3,64,0.16441583633422852,0.1796875,NVIDIA RTX 5000 Ada Generation,
tcbf,full,4096,4096,64,64,2,ok,64.0,64.0,0.006819092047711213,5.680540236305782e-05,0.006792801742752393,3.857629301914214e-05,0.15082787442952394,0.014861837700580416,0.08288859575986862,0.005365195373694102,0.00037310425011157514,0.005020397715270519,0.005761296488344669,1,3,3,3,64,0.32085084915161133,0.3359375,NVIDIA RTX 5000 Ada Generation,
tcbf,full,512,511,128,128,2,ok,36.0,31.9375,0.004014155517021815,4.498131024135521e-05,0.0035674916580319405,1.7962376196637977e-05,0.047745234332978725,0.012939067567334199,0.05155500955879688,0.0007621801147858301,2.2416310920471054e-05,0.0007384810596704483,0.0007830439135432243,1,3,3,3,64,0.16436004638671875,0.177734375,NVIDIA RTX 5000 Ada Generation,
tcbf,full,1024,1024,128,128,2,ok,64.0,64.0,0.006942471178869407,4.1938686756466505e-05,0.006974298817416032,5.616634588245813e-05,0.14069298996279636,0.014510706652876883,0.060463317669928074,0.0013619257758061092,3.095385396763884e-05,0.0013400586321949959,0.001397344283759594,1,3,3,3,64,0.32065629959106445,0.333984375,NVIDIA RTX 5000 Ada Generation,
tcbf,full,2048,2047,128,128,2,ok,156.25,127.9375,0.016010313915709656,0.0001230576493123902,0.013169547853370508,4.7521795813145554e-05,0.18510385509580374,0.02501870993743772,0.07103624474257231,0.0028344811871647835,9.172232296655019e-05,0.002775168977677822,0.0029401276260614395,1,3,3,3,64,0.6332573890686035,0.646484375,NVIDIA RTX 5000 Ada Generation,
tcbf,full,4096,4096,128,128,2,ok,256.0,256.0,0.02665010467171669,8.764539240249729e-05,0.026532933115959167,9.707978594557743e-05,0.633510064954559,0.043446769310157965,0.08831287641078234,0.005297099240124226,0.0002644150712431636,0.005036600865423679,0.0055652642622590065,1,3,3,3,64,1.2584424018859863,1.271484375,NVIDIA RTX 5000 Ada Generation,
tcbf,full,512,511,256,256,2,ok,144.0,127.75,0.01487594936043024,0.00015167184903774975,0.013172685479124388,5.278723287879255e-05,0.18438287544995546,0.024055430967182115,0.060228352434933186,0.003473692573606968,1.486185874389031e-05,0.003460880368947983,0.0034899860620498657,1,3,3,3,64,0.6334772109985352,0.646484375,NVIDIA RTX 5000 Ada Generation,
tcbf,full,1024,1024,256,256,2,ok,256.0,256.0,0.026645249997576077,0.00012952139859027446,0.026648818515241146,7.40443436503437e-05,0.5670614779616395,0.04538962481738987,0.07203547284007072,0.006865307378272216,9.041188289154756e-06,0.006856859661638737,0.006874843500554562,1,3,3,3,64,1.2585234642028809,1.271484375,NVIDIA RTX 5000 Ada Generation,
tcbf,full,2048,2047,256,256,2,ok,625.0,511.75,0.06442109278092782,0.00011597763975051616,0.05258544348180294,8.360368495162635e-05,0.819921943359077,0.07992107814375177,0.08910215832293034,0.013555210394163927,1.4498475336871525e-05,0.013538571074604988,0.013565128669142723,1,3,3,3,64,2.50862455368042,2.521484375,NVIDIA RTX 5000 Ada Generation,
tcbf,full,4096,4096,256,256,2,ok,1024.0,1024.0,0.10281502238164346,8.82367798559977e-05,0.10312038784225781,0.0003498267933125497,2.8191187595948577,0.14780496409280336,0.12711632810533047,0.026598047465085983,1.3762512734662934e-05,0.026583115570247173,0.026610223576426506,1,3,3,3,64,5.008809566497803,5.021484375,NVIDIA RTX 5000 Ada Generation,
tcbf,full,512,511,64,64,3,ok,9.0,7.984375,0.0011072571699817975,4.770163681367879e-05,0.000975354885061582,4.347314054353471e-06,0.012200684286653996,0.008272070313196645,0.05888865515589714,0.0006955554708838463,1.984297088489721e-05,0.0006808582693338394,0.000718127004802227,1,3,3,3,64,0.047083377838134766,0.0546875,NVIDIA RTX 5000 Ada Generation,
tcbf,full,1024,1024,64,64,3,ok,16.0,16.0,0.0020490381866693497,3.6767586294540805e-05,0.0020182663574814796,4.393673436344368e-06,0.030111414690812428,0.010874411175411722,0.06388754118233919,0.0012806781257192295,1.72166017737423e-05,0.001262277364730835,0.0012963954359292984,1,3,3,3,64,0.08622264862060547,0.1015625,NVIDIA RTX 5000 Ada Generation,
tcbf,full,2048,2047,64,64,3,ok,39.0625,31.984375,0.004420496212939422,2.406174291991453e-05,0.0036901707450548806,2.4344639141377494e-05,0.04727951530367136,0.014621360973614517,0.06886984407901764,0.0024757077917456627,4.119368190339109e-05,0.0024317828938364983,0.0025134775787591934,1,3,3,3,64,0.16447925567626953,0.1796875,NVIDIA RTX 5000 Ada Generation,
tcbf,full,4096,4096,64,64,3,ok,64.0,64.0,0.006956607103347778,2.4855574279914555e-05,0.006978823182483514,4.8548117105353514e-05,0.15181534799436727,0.015252428615601206,0.10216973628848791,0.005238980675737063,0.00029389594822170034,0.004991456866264343,0.005563799291849136,1,3,3,3,64,0.32097530364990234,0.3359375,NVIDIA RTX 5000 Ada Generation,
tcbf,full,512,511,128,128,3,ok,36.0,31.9375,0.0040403204038739204,4.131985233951273e-05,0.0036068931221961975,4.138005294515904e-05,0.04689813467363516,0.012756733742413926,0.050665236078202724,0.000752239798506101,9.433729783770134e-06,0.0007420564070343971,0.0007606809958815575,1,3,3,3,64,0.16437768936157227,0.177734375,NVIDIA RTX 5000 Ada Generation,
tcbf,full,1024,1024,128,128,3,ok,64.0,64.0,0.006833270813028018,2.626039435568877e-05,0.006770185194909573,4.082074917637093e-05,0.13840312759081522,0.013643831900108958,0.06682509277015924,0.0014011825745304425,1.7289455464033462e-05,0.0013884250074625015,0.0014208601787686348,1,3,3,3,64,0.32068920135498047,0.333984375,NVIDIA RTX 5000 Ada Generation,
tcbf,full,2048,2047,128,128,3,ok,156.25,127.9375,0.016018160929282505,6.118142451514985e-05,0.013305223236481348,9.32682966701677e-05,0.18515709477166334,0.025088069024322784,0.0803387202322483,0.002580818720161915,1.3932315281452895e-05,0.002570399083197117,0.002596643753349781,1,3,3,3,64,0.6333208084106445,0.646484375,NVIDIA RTX 5000 Ada Generation,
tcbf,full,4096,4096,128,128,3,ok,256.0,256.0,0.02610318238536517,9.676086601533131e-05,0.0260409585510691,8.688687874543073e-05,0.6358000002801418,0.03829321779264498,0.10469019692391157,0.005030521812538306,4.4258853091246416e-05,0.004998736083507538,0.0050810715183615685,1,3,3,3,64,1.2585668563842773,1.271484375,NVIDIA RTX 5000 Ada Generation,
tcbf,full,512,511,256,256,3,ok,144.0,127.75,0.01482059465100368,7.417946289304984e-05,0.0132243645687898,0.00014076809073293838,0.18694356394310793,0.028400365099311632,0.06618677917867899,0.003482069820165634,2.374276522547942e-05,0.0034631090238690376,0.0035086991265416145,1,3,3,3,64,0.6334948539733887,0.646484375,NVIDIA RTX 5000 Ada Generation,
tcbf,full,1024,1024,256,256,3,ok,256.0,256.0,0.026147075618306797,0.00012794127445287662,0.026085222760836285,0.00011577299047616201,0.5551095449676117,0.044986572754513315,0.0725565180182457,0.006868325484295686,1.723060567737748e-05,0.006848689168691635,0.006880919449031353,1,3,3,3,64,1.2585563659667969,1.271484375,NVIDIA RTX 5000 Ada Generation,
tcbf,full,2048,2047,256,256,3,ok,625.0,511.75,0.06410043189922969,5.267099379229557e-05,0.052806505002081394,3.8778329343347814e-05,0.815072774887085,0.08667177825736432,0.09979703556746244,0.013598310761153698,3.16441136852494e-05,0.013565195724368095,0.01362824346870184,1,3,3,3,64,2.508687973022461,2.521484375,NVIDIA RTX 5000 Ada Generation,
tcbf,full,4096,4096,256,256,3,ok,1024.0,1024.0,0.10266820434480906,7.680732834130372e-05,0.10295596346259117,0.00026376957797902143,3.4824158949777484,0.15321550843335735,0.14473221357911825,0.02705427383383115,1.3804268236587619e-05,0.0270383944734931,0.027063414454460144,1,3,3,3,64,5.008934020996094,5.0234375,NVIDIA RTX 5000 Ada Generation,
tcbf,full,512,511,64,64,4,ok,9.0,7.984375,0.0010863955443104107,3.8628560367063254e-05,0.0009501768896977106,2.0107541962268923e-06,0.012124877733488878,0.007796177971844219,0.060815053060650826,0.0007240017876029015,1.4649745543385525e-06,0.0007227780297398567,0.0007256250828504562,1,3,3,3,64,0.047109127044677734,0.0546875,NVIDIA RTX 5000 Ada Generation,
tcbf,full,1024,1024,64,64,4,ok,16.0,16.0,0.002063771399358908,1.7642280633203323e-05,0.00204372468094031,7.727976019674953e-06,0.029200641438364983,0.009912410545748795,0.06778707727789879,0.001424620548884074,2.4320522483664475e-05,0.0014008451253175735,0.00144945178180933,1,3,3,3,64,0.08627128601074219,0.1015625,NVIDIA RTX 5000 Ada Generation,
tcbf,full,2048,2047,64,64,4,ok,39.0625,31.984375,0.0043956491475303965,2.2742849758845466e-05,0.0036678227285544076,2.0077525987171757e-05,0.04526259253422419,0.014113557602605424,0.08130041509866714,0.002674130412439505,2.8081455738180048e-05,0.002646355889737606,0.0027025090530514717,1,3,3,3,64,0.16457366943359375,0.1796875,NVIDIA RTX 5000 Ada Generation,
tcbf,full,4096,4096,64,64,4,ok,64.0,64.0,0.006802672830720742,3.351293535238527e-05,0.006755679535369079,1.6700019266677767e-05,0.14935318566858768,0.016121463449180123,0.12007454130798578,0.005092519025007884,3.0262533691194278e-05,0.005064335651695728,0.005124501883983612,1,3,3,3,64,0.32116127014160156,0.3359375,NVIDIA RTX 5000 Ada Generation,
tcbf,full,512,511,128,128,4,ok,36.0,31.9375,0.00409166794270277,2.2850364568226932e-05,0.0036738586301604905,3.7890910548448864e-06,0.049027499121924244,0.013212900860056852,0.05406820774078369,0.0007553935671846072,1.1666638613083923e-05,0.0007425136864185333,0.0007652528584003448,1,3,3,3,64,0.16440343856811523,0.177734375,NVIDIA RTX 5000 Ada Generation,
tcbf,full,1024,1024,128,128,4,ok,64.0,64.0,0.006801098585128784,2.7753816673955146e-05,0.006761073445280393,1.758505305309604e-06,0.1378893634925286,0.01435786187574191,0.07049487438052893,0.0013839425519108772,2.110238231364504e-05,0.0013679340481758118,0.0014078561216592789,1,3,3,3,64,0.3207378387451172,0.333984375,NVIDIA RTX 5000 Ada Generation,
tcbf,full,2048,2047,128,128,4,ok,156.25,127.9375,0.01601526668916146,5.6058497057160986e-05,0.013350394864877066,0.00022618243571673942,0.18682994476209083,0.028935207939838992,0.08605037163943052,0.002613538255294164,1.7358517743879513e-05,0.0025940481573343277,0.002627335488796234,1,3,3,3,64,0.6334152221679688,0.646484375,NVIDIA RTX 5000 Ada Generation,
tcbf,full,4096,4096,128,128,4,ok,256.0,256.0,0.02656611738105615,0.00012610012861868816,0.026605294086039066,0.00010998202667521808,0.6405123096580306,0.04840950679073758,0.12126358319073915,0.0050398412471016245,1.6369051294560832e-05,0.005029979161918163,0.00505873654037714,1,3,3,3,64,1.2587528228759766,1.271484375,NVIDIA RTX 5000 Ada Generation,
tcbf,full,512,511,256,256,4,ok,144.0,127.75,0.015098170998195807,6.894590615106747e-05,0.013844459317624569,1.7292738204077242e-05,0.19135798638065657,0.024931686885821064,0.06559878960251808,0.003485265498359998,1.4515945842482782e-05,0.003468576818704605,0.0034949621185660362,1,3,3,3,64,0.6335206031799316,0.646484375,NVIDIA RTX 5000 Ada Generation,
tcbf,full,1024,1024,256,256,4,ok,256.0,256.0,0.026712299635012943,0.00011821400623782894,0.026706340722739697,0.00013867209065995036,0.5709386008481184,0.042749391079787695,0.07666538283228874,0.006869244389235973,1.4799817343945768e-05,0.006852295249700546,0.006879610940814018,1,3,3,3,64,1.2586050033569336,1.271484375,NVIDIA RTX 5000 Ada Generation,
tcbf,full,2048,2047,256,256,4,ok,625.0,511.75,0.06284073553979397,0.00012212367533219787,0.05148358394702276,6.479564196057105e-05,0.8110581164558729,0.07448605536281007,0.10749262571334839,0.013577789689103762,7.527525331279118e-06,0.013569137081503868,0.013582832179963589,1,3,3,3,64,2.508782386779785,2.521484375,NVIDIA RTX 5000 Ada Generation,
tcbf,full,4096,4096,256,256,4,ok,1024.0,1024.0,0.10511333836863439,0.00022932042112954845,0.10487005114555359,0.0001318559554684673,2.8476594127714634,0.16286993280472062,0.16577882133424282,0.02664191462099552,8.673260004579628e-05,0.0265770573168993,0.026740431785583496,1,3,3,3,64,5.009119987487793,5.0234375,NVIDIA RTX 5000 Ada Generation,
